yob1,W_HO_PTA_f_SB,UW_HO_PTA_f_SB,T_W_HO_PTA_f_SB,T_UW_HO_PTA_f_SB,HO_ptaf_RegCow_1,W_HO_SD_f_SB,W_BY1_HO_SD_f_SB,UW_HO_SD_f_SB,UW_BY1_HO_SD_f_SB,T_W_HO_SD_f_SB,T_UW_HO_SD_f_SB,W_BY1_HO_PTA_f_SB,HO_ptaf_RegCow_4,W_HO_REL_f_SB,UW_HO_REL_f_SB,T_W_HO_REL_f_SB,T_UW_HO_REL_f_SB,W_BY1_HO_REL_f_SB,W_HO_NUM_PTA_SB,UW_HO_NUM_PTA_SB,T_W_HO_NUM_PTA_SB,T_UW_HO_NUM_PTA_SB,W_BY1_HO_NUM_PTA_SB,yob2,W_HO_PTA_f_SC,UW_HO_PTA_f_SC,T_W_HO_PTA_f_SC,T_UW_HO_PTA_f_SC,HO_ptaf_RegCow_2,W_HO_SD_f_SC,W_BY1_HO_SD_f_SC,UW_HO_SD_f_SC,UW_BY1_HO_SD_f_SC,T_W_HO_SD_f_SC,T_UW_HO_SD_f_SC,W_BY1_HO_PTA_f_SC,HO_ptaf_RegCow_5,W_HO_REL_f_SC,UW_HO_REL_f_SC,T_W_HO_REL_f_SC,T_UW_HO_REL_f_SC,W_BY1_HO_REL_f_SC,W_HO_NUM_PTA_SC,UW_HO_NUM_PTA_SC,T_W_HO_NUM_PTA_SC,T_UW_HO_NUM_PTA_SC,W_BY1_HO_NUM_PTA_SC,yob3,W_HO_PTA_f_DB,UW_HO_PTA_f_DB,T_W_HO_PTA_f_DB,T_UW_HO_PTA_f_DB,HO_ptaf_RegCow_3,W_HO_SD_f_DB,W_BY1_HO_SD_f_DB,UW_HO_SD_f_DB,UW_BY1_HO_SD_f_DB,T_W_HO_SD_f_DB,T_UW_HO_SD_f_DB,W_BY1_HO_PTA_f_DB,HO_ptaf_RegCow_6,W_HO_REL_f_DB,UW_HO_REL_f_DB,T_W_HO_REL_f_DB,T_UW_HO_REL_f_DB,W_BY1_HO_REL_f_DB,W_HO_NUM_PTA_DB,UW_HO_NUM_PTA_DB,T_W_HO_NUM_PTA_DB,T_UW_HO_NUM_PTA_DB,W_BY1_HO_NUM_PTA_DB,yob4,W_HO_PTA_f_DC,UW_HO_PTA_f_DC,T_W_HO_PTA_f_DC,T_UW_HO_PTA_f_DC,HO_ptaf_AllCow_1,W_HO_SD_f_DC,W_BY1_HO_SD_f_DC,UW_HO_SD_f_DC,UW_BY1_HO_SD_f_DC,T_W_HO_SD_f_DC,T_UW_HO_SD_f_DC,W_BY1_HO_PTA_f_DC,HO_ptaf_AllCow_2,W_HO_REL_f_DC,UW_HO_REL_f_DC,T_W_HO_REL_f_DC,T_UW_HO_REL_f_DC,W_BY1_HO_REL_f_DC,W_HO_NUM_PTA_DC,UW_HO_NUM_PTA_DC,T_W_HO_NUM_PTA_DC,T_UW_HO_NUM_PTA_DC,W_BY1_HO_NUM_PTA_DC,yob5,W_BY1_HO_SD_f_SB_1,W_BY1_HO_SD_f_SC_1,W_BY1_HO_SD_f_DB_1,W_BY1_HO_SD_f_DC_1,W_HO_SD_f_SB_1,W_HO_SD_f_SC_1,W_HO_SD_f_DB_1,W_HO_SD_f_DC_1,UW_BY1_HO_SD_f_SB_1,UW_BY1_HO_SD_f_SC_1,UW_BY1_HO_SD_f_DB_1,UW_BY1_HO_SD_f_DC_1,UW_HO_SD_f_SB_1,UW_HO_SD_f_SC_1,UW_HO_SD_f_DB_1,UW_HO_SD_f_DC_1,T_W_HO_SD_f_SB_1,T_W_HO_SD_f_SC_1,T_W_HO_SD_f_DB_1,T_W_HO_SD_f_DC_1,yob6,GenInt_SB,GenInt_SC,GenInt_DB,GenInt_DC,nGI_SB,nGI_SC,nGI_DB,nGI_DC,yob7,UW_BY1_HO_PTA_f_SB,HO_ptaf_RegCow_7,HO_numf_RegCow,HO_ptaf_AllCow_3,HO_numf_AllCow
1975,-29.9438401,-69.2759256,-29.9438401,-69.2759256,-74.84524708,44.90140699,#N/A,5.569321485,#N/A,44.90140699,5.569321485,#N/A,-74.84524708,0.982244014,0.888749746,0.982244014,0.888749746,#N/A,2825,176,2825,176,#N/A,1975,-52.4734011,-78.35200549,-52.47146337,-78.35200549,-74.84524708,22.37184598,6.929989396,-3.506758406,#N/A,22.37378372,-3.506758406,-66.86679931,-74.84524708,0.95410127,0.736509197,0.954120603,0.736509197,0.835912162,524382,2650,524038,2650,137,1975,-69.62129294,-73.66340089,-69.62129294,-73.66340089,-74.84524708,5.223954141,#N/A,1.181846197,#N/A,5.223954141,1.181846197,#N/A,-74.84524708,62.86314408,58.02638889,62.86314408,58.02638889,#N/A,3047,2160,3047,2160,#N/A,1975,-86.11477045,-87.17399453,-86.11449707,-87.17414745,-88.00718628,1.892415836,0.320596534,0.833191747,0.177071715,1.892689211,0.833038828,-77.5534668,-88.00718628,41.57447397,38.27843551,41.57511926,38.27873614,37.05835544,444840,238953,444826,238950,754,1975,#N/A,6.929989396,#N/A,0.320596534,44.90140699,22.37184598,5.223954141,1.892415836,#N/A,#N/A,#N/A,0.177071715,5.569321485,-3.506758406,1.181846197,0.833191747,44.90140699,22.37378372,5.223954141,1.892689211,1975,#N/A,-0.429942495,#N/A,-3.937505106,#N/A,137,#N/A,754,1975,#N/A,-74.84524708,1629,-88.00718628,456398
1976,-49.12460758,-65.77326848,-49.12460758,-65.77326848,-73.42862543,24.30401785,#N/A,7.655356955,#N/A,24.30401785,7.655356955,#N/A,-73.42862543,0.980807089,0.886806035,0.980807089,0.886806035,#N/A,2948,191,2948,191,#N/A,1976,-50.08091667,-76.82538347,-50.07458959,-76.82538347,-73.42862543,23.34770876,-2.526607113,-3.396758036,#N/A,23.35403585,-3.396758036,-77.04790523,-73.42862543,0.961766583,0.744891424,0.961792868,0.744891424,0.756016812,762753,3046,762408,3046,939,1976,-66.42112157,-71.15104947,-66.42112157,-71.15104947,-73.42862543,7.00750387,#N/A,2.277575962,#N/A,7.00750387,2.277575962,#N/A,-73.42862543,61.4898957,57.13511029,61.4898957,57.13511029,#N/A,3068,2176,3068,2176,#N/A,1976,-83.86349252,-85.0920861,-83.86340839,-85.09200833,-86.03021082,2.166718297,-0.193892741,0.938124721,-1.156250584,2.166802428,0.938202491,-81.62526966,-86.03021082,42.18484411,38.98905665,42.18520221,38.98935503,37.96040664,482888,261346,482883,261344,1869,1976,#N/A,-2.526607113,#N/A,-0.193892741,24.30401785,23.34770876,7.00750387,2.166718297,#N/A,#N/A,#N/A,-1.156250584,7.655356955,-3.396758036,2.277575962,0.938124721,24.30401785,23.35403585,7.00750387,2.166802428,1976,#N/A,1.358457998,#N/A,-1.351099334,#N/A,939,#N/A,1869,1976,#N/A,-73.42862543,2109,-86.03021082,493963
1977,-29.36564697,-62.58525938,-29.36564697,-62.58525938,-71.04095529,41.67530832,#N/A,8.455695915,#N/A,41.67530832,8.455695915,#N/A,-71.04095529,0.980724518,0.894161609,0.980724518,0.894161609,#N/A,2594,173,2594,173,#N/A,1977,-49.84621578,-73.76498537,-49.83702931,-73.76498537,-71.04095529,21.19473952,0.528885069,-2.724030073,-7.497904724,21.20392598,-2.724030073,-74.24581754,-71.04095529,0.954560598,0.745694597,0.954597804,0.745694597,0.807756355,617172,3231,616693,3231,31849,1977,-63.50428097,-68.40487011,-63.50428097,-68.40487011,-71.04095529,7.536674316,-2.657281637,2.636085174,-6.826043569,7.536674316,2.636085174,-77.49409645,-71.04095529,61.11689471,56.2942743,61.11689471,56.2942743,58.82738095,3362,2253,3362,2253,168,1977,-81.33301916,-82.59277708,-81.33313157,-82.59271363,-83.54603731,2.213018157,0.355202508,0.953260235,-1.485580876,2.212905749,0.95332369,-87.34368958,-83.54603731,43.00961472,39.79997967,43.00951369,39.79995794,41.48461314,523988,285316,523982,285315,61546,1977,#N/A,0.528885069,-2.657281637,0.355202508,41.67530832,21.19473952,7.536674316,2.213018157,#N/A,-7.497904724,-6.826043569,-1.485580876,8.455695915,-2.724030073,2.636085174,0.953260235,41.67530832,21.20392598,7.536674316,2.212905749,1977,#N/A,2.215714558,2.266321176,2.129637675,#N/A,31849,168,61546,1977,#N/A,-71.04095529,2422,-83.54603731,533358
1978,-25.88792143,-63.93421635,-25.88792143,-63.93421635,-70.73539352,44.84747209,#N/A,6.80117717,#N/A,44.84747209,6.80117717,#N/A,-70.73539352,0.980394143,0.886065299,0.980394143,0.886065299,#N/A,3981,122,3981,122,#N/A,1978,-46.74409563,-72.20733825,-46.73931874,-72.20573479,-70.73539352,23.99129789,-1.68175178,-1.471944723,-6.336938484,23.99607478,-1.470341267,-75.74371202,-70.73539352,0.946801679,0.74533484,0.94684068,0.745326775,0.807523609,492968,3059,492394,3058,71684,1978,-63.38373748,-67.59619833,-63.38373748,-67.59619833,-70.73539352,7.351656044,1.21231601,3.139195182,-1.612178231,7.351656044,3.139195182,-73.18754293,-70.73539352,58.78440367,53.80086789,58.78440367,53.80086789,59.336714,3052,2074,3052,2074,493,1978,-79.21854792,-80.46191545,-79.2184137,-80.46191545,-81.48645859,2.267910667,0.667042584,1.024543143,-0.941248508,2.268044897,1.024543143,-86.33540837,-81.48645859,43.4452997,40.36068481,43.44530363,40.36068481,41.25081733,538891,298826,538884,298826,159973,1978,#N/A,-1.68175178,1.21231601,0.667042584,44.84747209,23.99129789,7.351656044,2.267910667,#N/A,-6.336938484,-1.612178231,-0.941248508,6.80117717,-1.471944723,3.139195182,1.024543143,44.84747209,23.99607478,7.351656044,2.268044897,1978,#N/A,2.536347085,2.813810875,2.621380072,#N/A,71684,493,159973,1978,#N/A,-70.73539352,2611,-81.48645859,563020
1979,-34.27966704,-58.64859226,-34.27966704,-58.64859226,-68.58489706,34.30523002,-3.625369617,9.936304798,#N/A,34.30523002,9.936304798,-76.71127081,-68.58489706,0.984879865,0.901854041,0.984879865,0.901854041,0.866417689,5588,151,5588,151,134,1979,-45.63037383,-68.82556124,-45.61934236,-68.82556124,-68.58489706,22.95452323,-1.976753261,-0.240664181,-5.539917952,22.96555471,-0.240664181,-74.64392501,-68.58489706,0.958650878,0.756180086,0.958721828,0.756180086,0.812700836,712945,3283,712298,3283,100234,1979,-61.14205905,-65.78735142,-61.14205905,-65.78735142,-68.58489706,7.442838016,1.622236744,2.797545636,-1.087047774,7.442838016,2.797545636,-71.9556985,-68.58489706,53.98172709,50.24026549,53.98172709,50.24026549,59.95463138,3393,2260,3393,2260,1058,1979,-76.33575296,-77.58426069,-76.3357566,-77.5842989,-78.76954333,2.433790366,1.002464956,1.185282638,-0.236677925,2.433786732,1.185244425,-84.79739685,-78.76954333,43.90948359,40.92777664,43.90947453,40.92777953,41.3469935,572062,321018,572060,321017,268884,1979,-3.625369617,-1.976753261,1.622236744,1.002464956,34.30523002,22.95452323,7.442838016,2.433790366,#N/A,-5.539917952,-1.087047774,-0.236677925,9.936304798,-0.240664181,2.797545636,1.185282638,34.30523002,22.96555471,7.442838016,2.433786732,1979,3.00693657,2.771164974,3.311738471,3.030908662,134,100234,1058,268884,1979,#N/A,-68.58489706,3145,-78.76954333,624359
1980,-35.88595495,-55.81271634,-35.88595495,-55.81271634,-66.86401135,30.97805639,-0.956005473,11.05129501,#N/A,30.97805639,11.05129501,-73.23384504,-66.86401135,0.981387556,0.917413555,0.981387556,0.917413555,0.864016843,3783,174,3783,174,117,1980,-44.46263098,-65.75986447,-44.45959,-65.75986447,-66.86401135,22.40138037,-0.407951524,1.104146871,-3.775430036,22.40442134,1.104146871,-72.02220958,-66.86401135,0.960107241,0.767149655,0.960125298,0.767149655,0.819488908,739128,3249,738843,3249,116238,1980,-59.35857074,-64.21994936,-59.35857074,-64.21994936,-66.86401135,7.5054406,3.034287812,2.644061982,0.530372152,7.5054406,2.644061982,-69.91532756,-66.86401135,54.98516843,49.0456067,54.98516843,49.0456067,61.48993289,3978,2390,3978,2390,1490,1980,-73.60342747,-74.90797372,-73.60349584,-74.90799884,-76.12184071,2.518413243,1.166704918,1.213866989,0.224967597,2.518344867,1.21384187,-83.23261786,-76.12184071,44.20346221,41.12929728,44.20340827,41.12930344,41.63329909,607705,345684,607699,345683,369860,1980,-0.956005473,-0.407951524,3.034287812,1.166704918,30.97805639,22.40138037,7.5054406,2.518413243,#N/A,-3.775430036,0.530372152,0.224967597,11.05129501,1.104146871,2.644061982,1.213866989,30.97805639,22.40442134,7.5054406,2.518344867,1980,3.37305557,2.974309348,3.860558871,3.378656808,117,116238,1490,369860,1980,#N/A,-66.86401135,4318,-76.12184071,690506
1981,-26.09369591,-48.90358668,-26.09369591,-48.90358668,-62.9489142,36.8552183,15.04274224,14.04532752,#N/A,36.8552183,14.04532752,-57.61530284,-62.9489142,0.987303137,0.91883694,0.987303137,0.91883694,0.928499749,7476,172,7476,172,200,1981,-36.35101938,-61.74616135,-36.3483094,-61.74616135,-62.9489142,26.59789482,4.224537597,1.20275285,-1.943423747,26.6006048,1.20275285,-66.74810834,-62.9489142,0.965443489,0.768920397,0.965454922,0.768920397,0.850051902,846894,3150,846505,3150,146493,1981,-52.3588082,-59.22352886,-52.3588082,-59.22352886,-62.9489142,10.590106,5.410802076,3.725385339,2.325965585,10.590106,3.725385339,-66.67758802,-62.9489142,56.93488459,48.00928793,56.93488459,48.00928793,62.39297297,5329,2907,5329,2907,1850,1981,-70.51722124,-71.9651336,-70.51720108,-71.96515632,-73.3262815,2.809060259,1.428374606,1.361147903,0.505172551,2.809080413,1.361125186,-81.29231328,-73.3262815,44.66754879,41.53914786,44.66749383,41.53923042,42.27681547,624633,358768,624626,358765,454346,1981,15.04274224,4.224537597,5.410802076,1.428374606,36.8552183,26.59789482,10.590106,2.809060259,#N/A,-1.943423747,2.325965585,0.505172551,14.04532752,1.20275285,3.725385339,1.361147903,36.8552183,26.6006048,10.590106,2.809080413,1981,4.793086927,3.559783728,4.310019424,3.657165638,200,146493,1850,454346,1981,#N/A,-62.9489142,5944,-73.3262815,738224
1982,-25.28239968,-45.70334155,-25.28239968,-45.70334155,-60.30380545,35.02140576,21.72532443,14.60046389,#N/A,35.02140576,14.60046389,-51.35756233,-60.30380545,0.965375496,0.906034231,0.965375496,0.906034231,0.968032541,3460,174,3460,174,549,1982,-33.27387638,-58.86363257,-33.26428751,-58.86363257,-60.30380545,27.02992907,11.71515611,1.440172882,-0.750682752,27.03951794,1.440172882,-59.59696741,-60.30380545,0.964386424,0.775602667,0.964430125,0.775602667,0.903750415,837707,3168,837170,3168,242005,1982,-49.87671316,-56.33239608,-49.87671316,-56.33239608,-60.30380545,10.42709228,7.180253738,3.971409371,3.856924904,10.42709228,3.971409371,-64.12714148,-60.30380545,53.63721805,45.13455954,53.63721805,45.13455954,64.33027523,5852,3099,5852,3099,2289,1982,-67.69277312,-69.17241029,-67.69291224,-69.17241029,-70.57891416,2.886141036,1.777082997,1.406503866,0.873016626,2.886001922,1.406503866,-79.05198585,-70.57891416,44.96641527,41.87292001,44.96613195,41.87292001,42.92122225,625701,362441,625693,362441,517405,1982,21.72532443,11.71515611,7.180253738,1.777082997,35.02140576,27.02992907,10.42709228,2.886141036,#N/A,-0.750682752,3.856924904,0.873016626,14.60046389,1.440172882,3.971409371,1.406503866,35.02140576,27.03951794,10.42709228,2.886001922,1982,5.976723281,4.87066799,4.760351041,3.891221546,549,242005,2289,517405,1982,#N/A,-60.30380545,7623,-70.57891416,764573
1983,-32.59797412,-46.90011696,-32.59797412,-46.90011696,-59.6282931,27.03031897,26.47871703,12.72817613,4.863509667,27.03031897,12.72817613,-46.76388838,-59.6282931,0.986351657,0.915882086,0.986351657,0.915882086,0.982090538,7042,136,7042,136,1344,1983,-36.80100889,-57.511603,-36.7973218,-57.511603,-59.6282931,22.82728421,16.90763296,2.116690095,-0.233609336,22.8309713,2.116690095,-54.232823,-59.6282931,0.958794422,0.774945898,0.958806996,0.774945898,0.933764899,637208,3063,636891,3063,375061,1983,-49.46018117,-55.36021716,-49.46018117,-55.36021716,-59.6282931,10.16811193,8.864840973,4.26807594,5.035077054,10.16811193,4.26807594,-61.06820006,-59.6282931,48.49915683,40.71741936,48.49915683,40.71741936,65.71616767,5337,3100,5337,3100,2505,1983,-65.02127691,-66.43289164,-65.0215831,-66.43289164,-67.81476752,2.793490614,2.029833122,1.381875891,1.009597351,2.793184422,1.381875891,-76.61828902,-67.81476752,45.15693791,42.17030836,45.15674228,42.17030836,43.36011075,634168,369929,634162,369929,565987,1983,26.47871703,16.90763296,8.864840973,2.029833122,27.03031897,22.82728421,10.16811193,2.793490614,4.863509667,-0.233609336,5.035077054,1.009597351,12.72817613,2.116690095,4.26807594,1.381875891,27.03031897,22.8309713,10.16811193,2.793184422,1983,7.012104397,5.904910537,5.043458873,4.028001054,1344,375061,2505,565987,1983,-64.85074913,-59.6282931,8714,-67.81476752,779237
1984,-24.34126327,-43.80406316,-24.34126327,-43.80406316,-57.86278661,33.52152333,28.88473177,14.05872345,8.240433724,33.52152333,14.05872345,-43.54159248,-57.86278661,0.973089933,0.899875522,0.973089933,0.899875522,0.979219984,2673,161,2673,161,1385,1984,-35.18492183,-55.16271317,-35.18204494,-55.16271317,-57.86278661,22.67786477,19.11962791,2.700073436,0.880874224,22.68074167,2.700073436,-51.21511336,-57.86278661,0.956342509,0.777698735,0.956357244,0.777698735,0.947771923,607049,3116,606751,3116,480920,1984,-49.05546122,-53.92815917,-49.05546122,-53.92815917,-57.86278661,8.807325382,10.3106904,3.934627433,5.470397962,8.807325382,3.934627433,-57.9527501,-57.86278661,45.16447114,39.00198347,45.16447114,39.00198347,66.11155092,5162,3025,5162,3025,2779,1984,-62.55066615,-63.83833216,-62.55061922,-63.83824063,-65.10955736,2.558891211,2.362307191,1.271225201,1.206763825,2.55893814,1.271316727,-73.98224562,-65.10955736,45.30331496,42.42533149,45.3032288,42.42556124,43.98395513,625317,369319,625310,369317,584112,1984,28.88473177,19.11962791,10.3106904,2.362307191,33.52152333,22.67786477,8.807325382,2.558891211,8.240433724,0.880874224,5.470397962,1.206763825,14.05872345,2.700073436,3.934627433,1.271225201,33.52152333,22.68074167,8.807325382,2.55893814,1984,7.576522682,6.594060756,5.239215895,4.153793656,1385,480920,2779,584112,1984,-59.72876628,-57.86278661,10677,-65.10955736,765599
1985,-22.98027673,-39.61903882,-22.98027673,-39.61903882,-55.73839875,32.75812202,30.09824855,16.11935993,10.78430217,32.75812202,16.11935993,-41.22115542,-55.73839875,0.985345048,0.913216114,0.985345048,0.913216114,0.983000343,7139,171,7139,171,1733,1985,-30.73913979,-52.43431948,-30.73412064,-52.43431948,-55.73839875,24.99925896,20.28947459,3.304079273,1.176763894,25.00427812,3.304079273,-49.23436553,-55.73839875,0.960125281,0.782202992,0.960166688,0.782202992,0.953458884,698430,3218,697712,3218,572055,1985,-44.18682149,-50.2479369,-44.18682149,-50.2479369,-55.73839875,11.55157726,11.11514945,5.490461853,6.855651536,11.55157726,5.490461853,-55.16964301,-55.73839875,44.96072079,38.54413329,44.96072079,38.54413329,67.65385879,4939,2821,4939,2821,3045,1985,-59.71523047,-60.96041199,-59.71536157,-60.96047504,-62.23028912,2.515058659,2.584331755,1.269877139,1.333460489,2.514927554,1.269814078,-71.24469231,-62.23028912,45.41202046,42.65041032,45.41183101,42.6503716,44.52896365,634335,379708,634316,379706,611318,1985,30.09824855,20.28947459,11.11514945,2.584331755,32.75812202,24.99925896,11.55157726,2.515058659,10.78430217,1.176763894,6.855651536,1.333460489,16.11935993,3.304079273,5.490461853,1.269877139,32.75812202,25.00427812,11.55157726,2.514927554,1985,7.801839953,7.068774903,5.316023283,4.212772538,1733,572055,3045,611318,1985,-56.2265542,-55.73839875,12404,-62.23028912,784506
1986,-25.04745974,-37.10870911,-25.04760608,-37.10870911,-50.68654051,25.63908078,36.71691963,13.5778314,10.56443801,25.63893444,13.5778314,-33.40677178,-50.68654051,0.976177891,0.898230209,0.976176507,0.898230209,0.98342239,9982,243,9981,243,4517,1986,-32.91555772,-45.35331513,-32.93040726,-45.34602336,-50.68654051,17.7709828,21.04962652,5.333225385,1.598930275,17.75613326,5.340517157,-47.14560885,-50.68654051,0.965621841,0.789964618,0.965616582,0.790012323,0.95750142,911549,3983,910364,3982,635634,1986,-37.1999689,-44.9869273,-37.1999689,-44.9869273,-50.68654051,13.48657162,5.863587581,5.699613212,0.561714147,13.48657162,5.699613212,-58.56753264,-50.68654051,52.94081835,40.55334324,52.94081835,40.55334324,45.43584416,7063,3365,7063,3365,5775,1986,-57.02810862,-58.40948123,-57.02834174,-58.40941037,-59.60172064,2.573612014,2.700658367,1.192239411,1.386475525,2.573378896,1.192310264,-68.5510549,-59.60172064,45.69971529,42.88276937,45.69965843,42.88299096,45.01084807,640289,387049,640271,387047,623429,1986,36.71691963,21.04962652,5.863587581,2.700658367,25.63908078,17.7709828,13.48657162,2.573612014,10.56443801,1.598930275,0.561714147,1.386475525,13.5778314,5.333225385,5.699613212,1.192239411,25.63893444,17.75613326,13.48657162,2.573378896,1986,7.97950582,7.192517982,5.403794946,4.260143557,4517,635634,5775,623429,1986,-55.20147144,-50.68654051,13098,-59.60172064,791825
1987,-23.00102573,-32.0231362,-22.99868795,-32.0231362,-46.76765574,23.76663002,37.20130034,14.74451955,11.89187751,23.7689678,14.74451955,-31.70884157,-46.76765574,0.971814413,0.897646792,0.971808993,0.897646792,0.981808598,3356,187,3355,187,4959,1987,-27.39231854,-41.59523656,-27.38047019,-41.58980041,-46.76765574,19.37533721,22.04972501,5.172419184,2.03295066,19.38718556,5.177855339,-44.45454451,-46.76765574,0.954728887,0.789902079,0.954725504,0.789953469,0.958903987,618323,3890,617551,3888,702162,1987,-39.89028187,-45.46117465,-39.89028187,-45.46117465,-46.76765574,6.877373874,7.365298613,1.306481099,1.674910815,6.877373874,1.306481099,-55.12711407,-46.76765574,41.62530459,34.82746011,41.62530459,34.82746011,45.92596349,5335,3008,5335,3008,5916,1987,-54.74851586,-55.85397623,-54.74854825,-55.85380496,-56.98619629,2.237680436,2.612059265,1.132220068,1.337833969,2.237648052,1.132391331,-65.88386325,-56.98619629,45.37531929,42.88450512,45.3751208,42.88488789,45.163068,649876,401126,649844,401122,646258,1987,37.20130034,22.04972501,7.365298613,2.612059265,23.76663002,19.37533721,6.877373874,2.237680436,11.89187751,2.03295066,1.674910815,1.337833969,14.74451955,5.172419184,1.306481099,1.132220068,23.7689678,19.38718556,6.877373874,2.237648052,1987,8.32614544,7.236895337,5.465756734,4.258383161,4959,702162,5916,646258,1987,-52.19394921,-46.76765574,13196,-56.98619629,821720
1988,-17.39207801,-26.18336756,-17.38824387,-26.18336756,-41.74625087,24.35417287,39.79514409,15.56288331,11.88281057,24.358007,15.56288331,-26.42709811,-41.74625087,0.966958435,0.882755318,0.967016427,0.882755318,0.979574892,5639,225,5638,225,5837,1988,-21.57191573,-36.8443899,-21.57219984,-36.8443899,-41.74625087,20.17433514,25.58779483,4.901860972,3.101014362,20.17405104,4.901860972,-38.65006247,-41.74625087,0.949483656,0.795278293,0.949477359,0.795278293,0.961130472,551288,4075,550711,4075,750960,1988,-33.1829396,-40.11024356,-33.1829396,-40.11024356,-41.74625087,8.563311267,9.726246358,1.636007316,3.939978342,8.563311267,1.636007316,-50.26829545,-41.74625087,44.73612269,36.26086957,44.73612269,36.26086957,47.8115942,5999,3220,5999,3220,6348,1988,-50.28707644,-51.46624191,-50.28676691,-51.46609725,-52.67405154,2.386975094,2.648771123,1.207809622,1.28939643,2.387284623,1.207954284,-63.08298632,-52.67405154,45.47960675,42.90443744,45.47956854,42.90459247,45.38626276,658723,409763,658690,409758,660540,1988,39.79514409,25.58779483,9.726246358,2.648771123,24.35417287,20.17433514,8.563311267,2.386975094,11.88281057,3.101014362,3.939978342,1.28939643,15.56288331,4.901860972,1.636007316,1.207809622,24.358007,20.17405104,8.563311267,2.387284623,1988,8.260287198,7.359095574,5.386598074,4.252856184,5837,750960,6348,660540,1988,-49.23407395,-41.74625087,15261,-52.67405154,842526
1989,-6.349378218,-25.88453756,-6.349378218,-25.88453756,-40.73630816,34.38692994,39.50265759,14.8517706,18.25415351,34.38692994,14.8517706,-24.83040666,-40.73630816,0.973726426,0.902702459,0.973726426,0.902702459,0.983955811,7932,259,7932,259,6097,1989,-19.64145688,-34.43306987,-19.63906874,-34.43306987,-40.73630816,21.09485128,27.15642629,6.303238283,4.391946587,21.09723942,6.303238283,-34.35771886,-40.73630816,0.959618183,0.802426778,0.959628594,0.802426778,0.960700246,718791,4042,718179,4042,768337,1989,-31.23857563,-37.35465025,-31.23857563,-37.35465025,-40.73630816,9.497732535,11.30409904,3.381657908,4.774810548,9.497732535,3.381657908,-46.04823458,-40.73630816,41.69948354,34.16889535,41.69948354,34.16889535,48.82402065,6196,3440,6196,3440,6586,1989,-46.84880903,-47.95670052,-46.84866704,-47.95669254,-49.1088167,2.260007665,2.638559747,1.152116173,1.385479466,2.260149659,1.152124154,-60.27904588,-49.1088167,45.7682931,43.25227287,45.76814252,43.25249113,45.53561706,641936,403234,641890,403230,660119,1989,39.50265759,27.15642629,11.30409904,2.638559747,34.38692994,21.09485128,9.497732535,2.260007665,18.25415351,4.391946587,4.774810548,1.385479466,14.8517706,6.303238283,3.381657908,1.152116173,34.38692994,21.09723942,9.497732535,2.260149659,1989,8.401113327,7.366245841,5.364095286,4.214782239,6097,768337,6586,660119,1989,-40.12547888,-40.73630816,18445,-49.1088167,847106
1990,-21.68294575,-26.10561541,-21.67444182,-25.95997092,-40.24389672,18.56095097,32.48576734,14.1382813,17.83378171,18.5694549,14.28392579,-28.7330622,-40.24389672,0.971743638,0.906363383,0.971774209,0.906843853,0.986029109,5677,264,5675,263,6271,1990,-23.35450295,-34.33441624,-23.34854811,-34.33441624,-40.24389672,16.88939377,26.35951745,5.909480478,5.527570818,16.89534862,5.909480478,-32.6032363,-40.24389672,0.959405799,0.809189025,0.959386443,0.809189025,0.96142063,722404,4058,720965,4058,801030,1990,-31.00749632,-36.60144412,-31.00749632,-36.60144412,-40.24389672,9.2364004,11.91971257,3.642452597,5.026274606,9.2364004,3.642452597,-42.06111173,-40.24389672,43.19684362,33.58002774,43.19684362,33.58002774,48.44495143,6970,3605,6970,3605,6794,1990,-44.46131342,-45.45711708,-44.46152166,-45.45712521,-46.5382232,2.076909781,2.689293369,1.081106124,1.376491651,2.076701534,1.081097988,-57.17706423,-46.5382232,45.99347658,43.39488302,45.99324585,43.3952749,45.50522093,643374,406685,643308,406679,676221,1990,32.48576734,26.35951745,11.91971257,2.689293369,18.56095097,16.88939377,9.2364004,2.076909781,17.83378171,5.527570818,5.026274606,1.376491651,14.1382813,5.909480478,3.642452597,1.081106124,18.5694549,16.89534862,9.2364004,2.076701534,1990,7.855125301,7.346945483,5.22696376,4.206733932,6271,801030,6794,676221,1990,-37.95056162,-40.24389672,23216,-46.5382232,872685
1991,-7.701704076,-22.50931667,-7.700611543,-22.50931667,-37.60899591,29.90729183,30.74098156,15.09967923,13.39411626,29.90838436,15.09967923,-27.46299409,-37.60899591,0.974017022,0.902310215,0.974013529,0.902310215,0.983434637,9153,277,9151,277,6533,1991,-17.99575429,-31.35647927,-17.99619384,-31.35647927,-37.60899591,19.61324162,25.44916368,6.252516633,5.457876591,19.61280207,6.252516633,-31.39612659,-37.60899591,0.962980637,0.814361328,0.962980159,0.814361328,0.962257958,800428,3955,799080,3955,809973,1991,-30.19506677,-34.8219708,-30.2039284,-34.8219708,-37.60899591,7.413929131,10.99739679,2.787025106,4.233232219,7.405067502,2.787025106,-39.11684223,-37.60899591,38.58545455,30.59880096,38.57820078,30.59880096,46.70713049,8250,4170,8248,4170,6928,1991,-42.14088062,-43.044016,-42.14096595,-43.04423865,-44.14386011,2.002979501,2.697615389,1.099844122,1.389386037,2.002894166,1.09962147,-53.81325955,-44.14386011,46.3120223,43.7112052,46.31112674,43.71105853,45.46800198,634413,403643,634301,403625,683386,1991,30.74098156,25.44916368,10.99739679,2.697615389,29.90729183,19.61324162,7.413929131,2.002979501,13.39411626,5.457876591,4.233232219,1.389386037,15.09967923,6.252516633,2.787025106,1.099844122,29.90838436,19.61280207,7.405067502,2.002894166,1991,7.473919017,7.331111985,4.989462357,4.173388305,6533,809973,6928,683386,1991,-38.29874777,-37.60899591,22766,-44.14386011,875017
1992,-5.502754527,-21.97306116,-5.498732623,-21.97306116,-36.24575673,30.74300221,28.60885169,14.27269558,12.31278583,30.74702411,14.27269558,-27.29324539,-36.24575673,0.960666136,0.882724119,0.960661792,0.882724119,0.979651446,6753,312,6752,312,7005,1992,-17.63121916,-29.6141185,-17.61495465,-29.61557367,-36.24575673,18.61453757,24.07766936,6.631638228,5.510628011,18.63080209,6.630183058,-30.31537389,-36.24575673,0.953671465,0.813668604,0.953637355,0.81370329,0.961481636,631466,4143,629338,4142,801200,1992,-28.22413789,-33.02001599,-28.22413789,-33.02001599,-36.24575673,8.021618845,10.16982101,3.225740746,3.10278237,8.021618845,3.225740746,-36.06306029,-36.24575673,42.00583959,31.19778282,42.00583959,31.19778282,45.84262701,8391,3969,8391,3969,7263,1992,-39.97229115,-40.85427332,-39.97248056,-40.85428406,-41.9510026,1.978711445,2.585720448,1.096729278,1.386085326,1.978522037,1.096718538,-50.60562176,-41.9510026,46.67424619,44.00035226,46.67352112,44.00056831,45.52400694,610900,388923,610698,388876,679970,1992,28.60885169,24.07766936,10.16982101,2.585720448,30.74300221,18.61453757,8.021618845,1.978711445,12.31278583,5.510628011,3.10278237,1.386085326,14.27269558,6.631638228,3.225740746,1.096729278,30.74702411,18.63080209,8.021618845,1.978522037,1992,7.766364204,7.237419955,4.686025567,4.129426739,7005,801200,7263,679970,1992,-36.01523418,-36.24575673,21594,-41.9510026,863585
1993,-2.02336541,-18.82886808,-2.031154556,-18.82886808,-33.68740416,31.66403875,29.68606127,14.85853607,15.13914616,31.6562496,14.85853607,-22.95408188,-33.68740416,0.954905102,0.88438793,0.954940815,0.88438793,0.976263138,4332,237,4327,237,6918,1993,-14.49820233,-26.98999904,-14.47367256,-26.99677874,-33.68740416,19.18920182,22.87013338,6.697405126,6.253299749,19.2137316,6.690625423,-28.57128936,-33.68740416,0.949273877,0.814389522,0.949164446,0.814400672,0.962872144,512195,3982,509262,3981,788609,1993,-27.77160296,-31.52593517,-27.76925455,-31.52593517,-33.68740416,5.915801203,9.433259509,2.161468997,3.504282148,5.918149604,2.161468997,-33.73866307,-33.68740416,36.48847771,30.61097334,36.47897039,30.61097334,43.03498584,5945,3226,5944,3226,7060,1993,-37.80243447,-38.55581273,-37.80377675,-38.55507729,-39.57594191,1.773507437,2.519405447,1.02012919,1.334783164,1.772165157,1.020864624,-47.62324239,-39.57594191,46.73400573,44.20108545,46.73173432,44.20207392,45.56199131,578629,370723,578188,370602,671941,1993,29.68606127,22.87013338,9.433259509,2.519405447,31.66403875,19.18920182,5.915801203,1.773507437,15.13914616,6.253299749,3.504282148,1.334783164,14.85853607,6.697405126,2.161468997,1.02012919,31.6562496,19.2137316,5.918149604,1.772165157,1993,7.674580037,7.189384245,4.506363176,4.097113885,6918,788609,7060,671941,1993,-31.33977162,-33.68740416,21387,-39.57594191,847107
1994,-5.926466898,-15.82533379,-5.886270038,-15.83855324,-31.44984247,25.52337558,29.62988297,15.62450867,14.04471415,25.56357244,15.61128923,-18.93585866,-31.44984247,0.9696116,0.898235047,0.969578528,0.898262047,0.97312936,9326,306,9306,305,7477,1994,-14.30418376,-25.0844522,-14.41502681,-25.0844522,-31.44984247,17.14565872,21.91329819,6.365390275,6.445231536,17.03481566,6.365390275,-26.41359704,-31.44984247,0.968139053,0.817983798,0.967936852,0.817983798,0.96175117,913718,3884,902954,3884,779851,1994,-22.98104915,-26.48711448,-22.98235107,-26.48711448,-31.44984247,8.468793329,8.420747008,4.962727994,2.901672371,8.467491403,4.962727994,-32.40210021,-31.44984247,43.58067602,34.31458202,43.56324773,34.31458202,40.80099369,6272,3182,6269,3182,7447,1994,-35.35023535,-36.10128857,-35.35028194,-36.09971502,-37.10826761,1.758032256,2.378894695,1.006979034,1.271254562,1.757985664,1.008552582,-44.96791091,-37.10826761,47.32111975,44.77203092,47.31484466,44.7733724,45.97416958,562270,359211,561569,359056,661081,1994,29.62988297,21.91329819,8.420747008,2.378894695,25.52337558,17.14565872,8.468793329,1.758032256,14.04471415,6.445231536,2.901672371,1.271254562,15.62450867,6.365390275,4.962727994,1.006979034,25.56357244,17.03481566,8.467491403,1.757985664,1994,7.648676292,7.232860414,4.409775785,4.080280259,7477,779851,7447,661081,1994,-29.42779972,-31.44984247,21950,-37.10826761,835165
1995,-1.51779436,-10.01563325,-1.444753871,-10.01563325,-31.94440248,30.42660812,27.30174065,21.92876922,13.47246035,30.49964861,21.92876922,-17.42310771,-31.94440248,0.964966173,0.883803784,0.964883477,0.883803784,0.974586271,7742,347,7697,347,7594,1995,-9.373444895,-23.64787083,-9.357556915,-23.6459248,-31.94440248,22.57095758,20.02332192,8.296531652,6.777693944,22.58684556,8.298477679,-25.28709186,-31.94440248,0.968594954,0.829580718,0.968396477,0.829594126,0.960369507,837315,3699,826333,3698,752374,1995,-17.90330637,-23.27757204,-17.89649279,-23.2606005,-31.94440248,14.0410961,8.003812601,8.666830442,3.055655098,14.04790969,8.683801976,-30.70341173,-31.94440248,39.41894977,30.81943629,39.3854613,30.79788484,38.87159121,7008,3406,7002,3404,7554,1995,-33.61540743,-34.35435237,-33.62137976,-34.35375836,-35.23061539,1.615207959,2.23060258,0.876263014,1.148764368,1.609235622,0.876857025,-42.51187959,-35.23061539,47.72782518,45.21288547,47.71466367,45.21824141,46.11288724,550602,351062,549576,350850,637840,1995,27.30174065,20.02332192,8.003812601,2.23060258,30.42660812,22.57095758,14.0410961,1.615207959,13.47246035,6.777693944,3.055655098,1.148764368,21.92876922,8.296531652,8.666830442,0.876263014,30.49964861,22.58684556,14.04790969,1.609235622,1995,7.382460702,7.233703165,4.380727618,4.067073005,7594,752374,7554,637840,1995,-27.37316117,-31.94440248,24408,-35.23061539,806020
1996,-0.431333858,-9.919867919,-0.392071688,-9.9394459,-31.25271737,30.8213835,28.23689976,21.33284944,14.59634399,30.86064568,21.31327147,-13.45397748,-31.25271737,0.957269316,0.888804087,0.957303798,0.889127012,0.969849828,6032,276,6009,275,7804,1996,-8.92829584,-22.21853514,-8.899436197,-22.2336615,-31.25271737,22.32442152,18.58218179,9.034182222,6.788565248,22.35328116,9.019055868,-23.31556131,-31.25271737,0.96962983,0.830361369,0.969171731,0.830410593,0.960393255,826436,3512,804227,3505,703508,1996,-15.59951326,-20.63086189,-15.60985563,-20.63086189,-31.25271737,15.6532041,8.011075071,10.62185547,2.860535108,15.64286174,10.62185547,-28.75504632,-31.25271737,41.7548396,30.84116265,41.73965398,30.84116265,40.21802664,7232,3406,7225,3406,7733,1996,-31.49956378,-32.23043268,-31.49532993,-32.22922613,-33.03048669,1.530922915,2.034266061,0.800054007,1.134348972,1.53515676,0.801260551,-40.17896124,-33.03048669,48.28669966,45.7425259,48.25171131,45.75307312,46.70260698,541490,340877,539499,340534,588689,1996,28.23689976,18.58218179,8.011075071,2.034266061,30.8213835,22.32442152,15.6532041,1.530922915,14.59634399,6.788565248,2.860535108,1.134348972,21.33284944,9.034182222,10.62185547,0.800054007,30.86064568,22.35328116,15.64286174,1.53515676,1996,7.067116637,6.878413192,4.424665334,4.070234152,7804,703508,7733,588689,1996,-23.98426545,-31.25271737,33952,-33.03048669,745454
1997,-2.602491468,-9.268935462,-2.694226786,-9.167799631,-29.74625775,27.14376628,26.36721062,20.47732229,17.58343246,27.05203096,20.57845812,-12.94060947,-29.74625775,0.960126958,0.885526909,0.959791032,0.885768982,0.970459791,8648,313,8432,312,7956,1997,-12.79329775,-21.11511876,-12.94208479,-21.11443711,-29.74625775,16.95296001,18.61726911,8.631138989,7.058397717,16.80417296,8.631820645,-21.19606393,-29.74625775,0.970620328,0.833107,0.969744659,0.833107857,0.963112855,851054,3627,808752,3626,701169,1997,-13.94069099,-19.10620433,-13.97362118,-19.08213728,-29.74625775,15.80556676,9.140434477,10.64005342,4.933510375,15.77263657,10.66412048,-25.84797773,-29.74625775,44.80767369,31.71644514,44.66075334,31.65857479,39.68410283,8262,3837,8230,3831,7819,1997,-29.13413638,-29.91871557,-29.14605096,-29.91773986,-30.83042537,1.696288997,1.987228145,0.91170981,1.052158643,1.684374418,0.912685516,-37.93190963,-30.83042537,48.90481786,46.29233634,48.86165639,46.30240522,47.00419989,556533,345879,553383,345457,581444,1997,26.36721062,18.61726911,9.140434477,1.987228145,27.14376628,16.95296001,15.80556676,1.696288997,17.58343246,7.058397717,4.933510375,1.052158643,20.47732229,8.631138989,10.64005342,0.91170981,27.05203096,16.80417296,15.77263657,1.684374418,1997,6.739327079,6.774074455,4.341698065,4.087006665,7956,701169,7819,581444,1997,-18.84547923,-29.74625775,97051,-30.83042537,741224
1998,10.44337474,-2.360866312,10.21579453,-2.374043937,-27.93565945,38.3790342,28.0269983,25.57479314,16.46145759,38.15145399,25.56161552,-9.551154693,-27.93565945,0.963333913,0.877831065,0.962947147,0.877862642,0.966726399,8059,249,7851,248,7726,1998,0.851055125,-17.50132628,-0.011206578,-17.52594038,-27.93565945,28.78671458,18.65571824,10.43433316,7.637251352,27.92445288,10.40971907,-19.43976096,-27.93565945,0.964253434,0.828729245,0.962204019,0.828888947,0.964062782,741010,3597,681932,3592,689547,1998,-11.06131388,-15.48747063,-11.13889052,-15.47190402,-27.93565945,16.87434558,10.85884449,12.44818883,7.045301555,16.79676893,12.46375544,-22.46818111,-27.93565945,40.50284943,30.89022248,40.20145081,30.80404811,40.4198946,6668,3416,6617,3409,7590,1998,-27.29347052,-27.96245127,-27.30612337,-27.95997451,-28.862335,1.568864479,1.841348773,0.899883721,0.988879021,1.556211625,0.902360483,-35.76529694,-28.862335,49.05605836,46.69204931,49.00767926,46.70838246,47.32010625,550248,342360,545756,341821,560214,1998,28.0269983,18.65571824,10.85884449,1.841348773,38.3790342,28.78671458,16.87434558,1.568864479,16.46145759,7.637251352,7.045301555,0.988879021,25.57479314,10.43433316,12.44818883,0.899883721,38.15145399,27.92445288,16.79676893,1.556211625,1998,6.768213786,6.787856977,4.173958494,4.058414228,7726,689547,7590,560214,1998,-18.71189592,-27.93565945,177875,-28.862335,725459
1999,5.025867695,-4.451627773,2.787373124,-4.487324517,-25.52486164,30.55072934,31.97881389,21.07323387,18.00661366,28.31223477,21.03753713,-3.866032973,-25.52486164,0.973918318,0.897698852,0.972377167,0.897901522,0.965480958,6214,226,5527,224,7367,1999,0.035199065,-13.85818315,-1.659328504,-13.88986289,-25.52486164,25.56006071,19.52544771,11.66667849,8.083451892,23.86553314,11.63499876,-16.92070612,-25.52486164,0.969357317,0.833789028,0.965258207,0.834028214,0.964592114,840096,3246,690741,3232,688613,1999,-7.208556599,-11.38791976,-7.254539043,-11.41582784,-25.52486164,18.31630505,12.59125844,14.13694189,8.413559518,18.2703226,14.10903381,-19.53956756,-25.52486164,42.21722278,32.51346092,41.90707587,32.32473048,40.35694406,5934,3083,5865,3061,7186,1999,-24.85548507,-25.50612048,-24.87780825,-25.50625725,-26.45129159,1.595806517,1.673616209,0.945171113,0.887403252,1.573483347,0.945034338,-33.62277314,-26.45129159,49.50393211,47.22046025,49.45558134,47.2480333,47.82792787,565473,348031,557277,347155,548427,1999,31.97881389,19.52544771,12.59125844,1.673616209,30.55072934,25.56006071,18.31630505,1.595806517,18.00661366,8.083451892,8.413559518,0.887403252,21.07323387,11.66667849,14.13694189,0.945171113,28.31223477,23.86553314,18.2703226,1.573483347,1999,6.93825091,6.899077649,4.112873671,4.030371889,7367,688613,7186,548427,1999,-16.07219334,-25.52486164,171031,-26.45129159,721430
2000,8.950712478,-3.316991626,8.369422523,-3.411525712,-23.95528657,32.90599904,28.87408823,20.63829494,20.02510566,32.32470909,20.54376085,-4.06335635,-23.95528657,0.966274518,0.885841658,0.964545612,0.886830719,0.966731404,7519,291,6628,284,7028,2000,4.125372975,-11.06120093,1.898708488,-11.06402743,-23.95528657,28.08065954,19.32430047,12.89408564,8.367374023,25.85399505,12.89125914,-14.89478683,-23.95528657,0.973427462,0.838961615,0.968107928,0.839222825,0.964480757,1000721,3121,739901,3102,723090,2000,-7.270622153,-11.00381932,-7.379294082,-11.0089267,-23.95528657,16.68466441,15.22080108,12.95146725,10.24154404,16.57599248,12.94635987,-15.72093078,-23.95528657,42.60379536,30.6058375,42.03310997,30.36672867,41.14231052,7799,3803,7611,3763,6795,2000,-23.0626574,-23.59027979,-23.10608017,-23.59029762,-24.47041875,1.407761352,1.593159412,0.88013896,0.768075331,1.364338585,0.880121134,-31.51816848,-24.47041875,49.61152361,47.22307383,49.5107139,47.27807771,48.15701109,592592,363234,576681,361381,551184,2000,28.87408823,19.32430047,15.22080108,1.593159412,32.90599904,28.08065954,16.68466441,1.407761352,20.02510566,8.367374023,10.24154404,0.768075331,20.63829494,12.89408564,12.95146725,0.88013896,32.32470909,25.85399505,16.57599248,1.364338585,2000,6.637548759,6.79240508,4.112656818,4.015658696,7028,723090,6795,551184,2000,-12.08513944,-23.95528657,165477,-24.47041875,757295
2001,10.94188447,-0.994750835,11.39719057,-1.765434203,-21.53727277,32.47915725,29.69522894,20.54252194,20.27803178,32.93446335,19.77183857,-2.778883699,-21.53727277,0.972663338,0.897451474,0.972815239,0.896763222,0.964313621,7366,259,6482,241,7105,2001,4.792393761,-10.10770484,2.323703447,-10.19227024,-21.53727277,26.32966653,20.31796136,11.42956794,10.72709714,23.86097622,11.34500253,-12.07255662,-21.53727277,0.973981996,0.841899181,0.965638743,0.842115545,0.964367211,1067469,3222,672134,3195,736277,2001,-6.501177413,-9.000339897,-6.494033303,-8.85864942,-21.53727277,15.03609536,15.1600684,12.53693288,10.64393265,15.04323947,12.67862335,-14.42944198,-21.53727277,46.25554898,34.10411765,45.24722565,33.63000904,41.95366739,6758,3400,6488,3319,6885,2001,-20.63150045,-21.13631613,-20.67688191,-21.13613854,-21.96738938,1.335888927,1.605209871,0.831073253,0.889614971,1.290507473,0.83125084,-29.28001349,-21.96738938,49.84832319,47.45140415,49.71714922,47.5474728,48.80152332,614293,374106,583700,370212,549853,2001,29.69522894,20.31796136,15.1600684,1.605209871,32.47915725,26.32966653,15.03609536,1.335888927,20.27803178,10.72709714,10.64393265,0.889614971,20.54252194,11.42956794,12.53693288,0.831073253,32.93446335,23.86097622,15.04323947,1.290507473,2001,6.730115444,6.675471302,4.227077782,3.999551151,7105,736277,6885,549853,2001,-10.90289307,-21.53727277,159100,-21.96738938,769854
2002,13.92626539,-3.1543396,15.44105691,-4.496265351,-19.6705114,33.59677679,29.40765694,16.5161718,20.82389345,35.11156831,15.17424605,-2.418129,-19.6705114,0.969134199,0.889999744,0.965873477,0.889344007,0.960657057,5973,218,3405,183,7044,2002,-0.692992601,-9.640218108,-4.093879133,-9.865076165,-19.6705114,18.9775188,21.66396082,10.03029329,11.83161666,15.57663227,9.805435229,-9.4483265,-19.6705114,0.968460497,0.851191283,0.945297693,0.851429716,0.967082929,799110,3122,356069,3049,771439,2002,-4.934656344,-7.603644574,-4.857002987,-7.417209418,-19.6705114,14.73585505,15.79359247,12.06686682,11.71560454,14.81350841,12.25330198,-12.04702316,-19.6705114,46.75687588,33.8151546,44.59200618,33.17642883,41.51060738,5672,2943,5179,2817,6882,2002,-18.20067851,-18.6971891,-18.30918815,-18.70978595,-19.54032342,1.339644918,1.610678763,0.843134328,0.910620541,1.231135277,0.830537473,-27.0464676,-19.54032342,49.82763863,47.47191026,49.62204222,47.64439736,49.07237245,643346,391780,583335,382320,567191,2002,29.40765694,21.66396082,15.79359247,1.610678763,33.59677679,18.9775188,14.73585505,1.339644918,20.82389345,11.83161666,11.71560454,0.910620541,16.5161718,10.03029329,12.06686682,0.843134328,35.11156831,15.57663227,14.81350841,1.231135277,2002,6.797923369,6.656008927,4.177151517,3.96657369,7044,771439,6882,567191,2002,-9.265516056,-19.6705114,154783,-19.54032342,807550
2003,22.93690126,0.266566132,6.036267693,-8.030264921,-18.78956234,41.72646359,26.91820093,19.05612847,18.87643043,24.82583003,10.75929741,-3.598661587,-18.78956234,0.979139187,0.890047141,0.935988731,0.872684938,0.958230565,7588,211,364,108,7088,2003,8.07548826,-9.236844827,-8.06169948,-9.53057478,-18.78956234,26.86505059,20.7453949,9.55271751,12.13633146,10.72786285,9.258987555,-9.015763128,-18.78956234,0.970020174,0.854447131,0.922566634,0.855639529,0.968308159,840516,3013,219115,2915,792141,2003,-3.232089063,-6.592355246,-3.881752992,-6.378481565,-18.78956234,15.55747327,16.68615481,12.19720709,13.05443843,14.90780934,12.41108077,-9.288586326,-18.78956234,52.01597115,38.11425613,48.2526557,37.14702539,40.96634407,5823,2897,4801,2639,6923,2003,-16.97571335,-17.40730706,-17.14093964,-17.44016882,-18.17563237,1.199919015,1.501341109,0.768325309,0.890661802,1.034692735,0.735463552,-24.84647356,-18.17563237,50.20568747,47.88911841,49.88572478,48.16131925,49.31350314,651362,396486,541736,374667,577688,2003,26.91820093,20.7453949,16.68615481,1.501341109,41.72646359,26.86505059,15.55747327,1.199919015,18.87643043,12.13633146,13.05443843,0.890661802,19.05612847,9.55271751,12.19720709,0.768325309,24.82583003,10.72786285,14.90780934,1.034692735,2003,6.726769985,6.676401056,4.206258676,3.934279614,7088,792141,6923,577688,2003,-9.860703698,-18.78956234,148622,-18.17563237,826811
2004,22.65673914,5.107574358,-7.97407763,#N/A,-16.60120666,39.2579458,31.62437374,21.70878102,20.27105236,8.62712903,#N/A,2.663273544,-16.60120666,0.977372327,0.890775992,0.890335856,#N/A,0.965264621,7494,219,119,#N/A,7098,2004,10.56856486,-4.328480789,-2.782346636,-4.7812194,-16.60120666,27.16977152,21.13905776,12.27272587,10.85877881,13.81886002,11.81998726,-7.216942788,-16.60120666,0.968708122,0.853749738,0.923372353,0.854640487,0.969329527,737044,3000,199710,2881,835677,2004,6.602566469,-0.271552554,3.335780634,-0.315160373,-16.60120666,23.20377313,15.92902425,16.32965411,12.39714245,19.93698729,16.28604629,-8.243003311,-16.60120666,62.81046256,42.58480208,55.03032959,40.85259516,44.50993092,9080,3461,5704,2890,6948,2004,-14.69143084,-15.27399493,-15.03993714,-15.33022675,-16.0960163,1.404585456,1.458427322,0.822021376,0.843888692,1.056079167,0.765789546,-22.50115862,-16.0960163,50.44327997,48.06247205,49.88807838,48.48475988,49.44796293,691969,420428,489816,367320,606827,2004,31.62437374,21.13905776,15.92902425,1.458427322,39.2579458,27.16977152,23.20377313,1.404585456,20.27105236,10.85877881,12.39714245,0.843888692,21.70878102,12.27272587,16.32965411,0.822021376,8.62712903,13.81886002,19.93698729,1.056079167,2004,6.820028354,6.771880329,4.256764537,3.888529702,7098,835677,6948,606827,2004,-6.860356889,-16.60120666,147622,-16.0960163,870121
2005,29.69156639,8.685534281,#N/A,#N/A,-14.80318108,44.49474747,31.34196267,23.48871536,21.01958061,#N/A,#N/A,3.863817897,-14.80318108,0.978515658,0.904545205,#N/A,#N/A,0.964753501,6610,209,#N/A,#N/A,6599,2005,14.97229445,-3.156120332,0.214460177,-3.619990146,-14.80318108,29.77547553,22.55993125,11.64706074,10.13981226,15.01764125,11.18319093,-4.568967953,-14.80318108,0.972974868,0.859932761,0.928791795,0.861820948,0.97138541,965486,2837,193979,2696,884858,2005,7.759836225,3.310751261,4.141448173,2.521005114,-14.80318108,22.5630173,15.2360859,18.11393234,11.75287368,18.94462925,17.32418619,-7.293034654,-14.80318108,70.0213496,48.3264774,54.45825826,44.18564006,45.66400246,10492,3452,3330,2117,6506,2005,-12.36248426,-12.94394803,-12.83535353,-13.01368945,-13.77612793,1.413643673,1.388994445,0.832179898,0.810594428,0.940774397,0.762438474,-20.47576186,-13.77612793,51.44170126,49.20318807,50.27423512,49.46436968,49.86449468,734587,445474,385257,324106,636499,2005,31.34196267,22.55993125,15.2360859,1.388994445,44.49474747,29.77547553,22.5630173,1.413643673,21.01958061,10.13981226,11.75287368,0.810594428,23.48871536,11.64706074,18.11393234,0.832179898,#N/A,15.01764125,18.94462925,0.940774397,2005,6.962027205,6.913530978,4.325974676,3.873172969,6599,884858,6506,636499,2005,-4.168729876,-14.80318108,147765,-13.77612793,918981
2006,24.50757256,7.546796297,#N/A,#N/A,-12.94006718,37.44763974,31.28919015,20.48686348,22.05222801,#N/A,#N/A,6.169691986,-12.94006718,0.978664853,0.903026772,#N/A,#N/A,0.967453331,5476,185,#N/A,#N/A,6947,2006,12.26584686,-0.610564902,4.0587146,-0.28318514,-12.94006718,25.20591405,23.73501788,12.32950228,10.44148896,16.99878178,12.65688204,-1.572150839,-12.94006718,0.962448984,0.861392549,0.930684384,0.866263921,0.972792445,750996,3037,120040,2377,915643,2006,10.78625849,6.911817629,6.405997506,6.119455723,-12.94006718,23.72632568,15.20471996,19.85188481,11.80312106,19.34606469,19.05952291,-5.349860075,-12.94006718,73.43451177,55.02779903,57.91382869,51.86742694,47.57891663,12361,3921,1938,1403,6849,2006,-9.792787748,-10.42962483,-10.27581414,-10.3815389,-11.18475776,1.391970015,1.360160739,0.755132927,0.791886094,0.908943614,0.803218867,-18.38477719,-11.18475776,51.23592307,49.03381138,49.65744119,49.43084308,49.97671108,759345,462714,220079,213941,665853,2006,31.28919015,23.73501788,15.20471996,1.360160739,37.44763974,25.20591405,23.72632568,1.391970015,22.05222801,10.44148896,11.80312106,0.791886094,20.48686348,12.32950228,19.85188481,0.755132927,#N/A,16.99878178,19.34606469,0.908943614,2006,6.733134527,6.837644215,4.237465883,3.836313428,6947,915643,6849,665853,2006,-1.53270325,-12.94006718,147453,-11.18475776,951037
2007,21.19052047,12.69098652,#N/A,#N/A,-10.97743138,32.16795185,32.1688101,23.66841791,19.41982178,#N/A,#N/A,8.688018814,-10.97743138,0.974262494,0.906983863,#N/A,#N/A,0.970708202,4415,189,#N/A,#N/A,7100,2007,15.39984803,3.060280033,-4.675797999,-0.684232558,-10.97743138,26.37727942,25.15357106,14.03771142,11.84012607,6.301633385,10.29319883,1.980783326,-10.97743138,0.958314059,0.856765918,0.836805921,0.837372602,0.973635179,715125,2780,454,118,950584,2007,15.38581545,10.70535742,#N/A,#N/A,-10.97743138,26.36324683,16.75471399,21.68278881,13.17988726,#N/A,#N/A,-1.843692098,-10.97743138,73.93905356,60.17100694,#N/A,#N/A,52.00643593,9615,3456,#N/A,#N/A,6992,2007,-7.028262874,-7.53013388,-7.995922018,-8.0799852,-8.214117514,1.18585464,1.388408093,0.683983633,0.876621411,0.218195495,0.134132314,-16.14287434,-8.214117514,50.47030225,48.66411665,50.67628889,50.52521343,50.37798025,765563,478297,8903,8785,695203,2007,32.1688101,25.15357106,16.75471399,1.388408093,32.16795185,26.37727942,26.36324683,1.18585464,19.41982178,11.84012607,13.17988726,0.876621411,23.66841791,14.03771142,21.68278881,0.683983633,#N/A,6.301633385,#N/A,0.218195495,2007,6.928109437,6.696764552,4.104100981,3.78145187,7100,950584,6992,695203,2007,-2.9011012,-10.97743138,144848,-8.214117514,986102
2008,18.91579655,16.00457436,#N/A,#N/A,-9.02073892,27.93653547,34.78594716,25.02531328,18.59857448,#N/A,#N/A,12.5767786,-9.02073892,0.974995341,0.907781826,#N/A,#N/A,0.973192304,4560,257,#N/A,#N/A,8595,2008,18.34330335,8.403115037,#N/A,#N/A,-9.02073892,27.36404227,25.15167445,17.42385396,12.18224856,#N/A,#N/A,3.65331675,-9.02073892,0.958444969,0.844045256,#N/A,#N/A,0.974611767,607915,2724,#N/A,#N/A,1023203,2008,16.88871155,13.13952328,#N/A,#N/A,-9.02073892,25.90945047,19.16603975,22.1602622,14.66040545,#N/A,#N/A,2.778946669,-9.02073892,75.0795264,65.79866489,#N/A,#N/A,60.73800564,9544,3745,#N/A,#N/A,8504,2008,-5.082620661,-5.529215525,#N/A,#N/A,-6.193454665,1.110834004,1.320787343,0.66423914,0.804113774,#N/A,#N/A,-13.90530431,-6.193454665,49.47870548,47.90709405,#N/A,#N/A,50.67701846,770879,499785,#N/A,#N/A,742287,2008,34.78594716,25.15167445,19.16603975,1.320787343,27.93653547,27.36404227,25.90945047,1.110834004,18.59857448,12.18224856,14.66040545,0.804113774,25.02531328,17.42385396,22.1602622,0.66423914,#N/A,#N/A,#N/A,#N/A,2008,7.290068761,6.814306125,3.877541704,3.753569499,8595,1023203,8504,742287,2008,-1.133980925,-9.02073892,147717,-6.193454665,1059497
2009,19.75817224,20.78731219,#N/A,#N/A,-5.974495992,25.73266823,38.27796111,26.76180818,21.52215838,#N/A,#N/A,18.41066219,-5.974495992,0.979486101,0.928281501,#N/A,#N/A,0.975554761,7924,291,#N/A,#N/A,10072,2009,18.99512039,13.29688562,#N/A,#N/A,-5.974495992,24.96961638,25.49870701,19.27138161,12.78700294,#N/A,#N/A,5.673235718,-5.974495992,0.956830162,0.840302123,#N/A,#N/A,0.974532772,598725,2778,#N/A,#N/A,1082205,2009,22.07975125,17.69515638,#N/A,#N/A,-5.974495992,28.05424725,21.71105479,23.66965238,17.22587504,#N/A,#N/A,7.213856307,-5.974495992,77.29628956,70.66132776,#N/A,#N/A,67.91779729,10996,4308,#N/A,#N/A,10024,2009,-2.654843393,-3.218611606,#N/A,#N/A,-3.894686913,1.23984352,1.345491237,0.676075307,0.814492711,#N/A,#N/A,-11.32611326,-3.894686913,48.31017016,46.82044026,#N/A,#N/A,50.96012156,741119,507107,#N/A,#N/A,786766,2009,38.27796111,25.49870701,21.71105479,1.345491237,25.73266823,24.96961638,28.05424725,1.23984352,21.52215838,12.78700294,17.22587504,0.814492711,26.76180818,19.27138161,23.66965238,0.676075307,#N/A,#N/A,#N/A,#N/A,2009,6.887574148,6.879592047,3.853247483,3.716859513,10072,1082205,10024,786766,2009,4.068858289,-5.974495992,148103,-3.894686913,1118689
2010,36.50894096,22.46528364,#N/A,#N/A,-2.45774619,38.96668715,32.7126642,24.92302983,25.79144796,#N/A,#N/A,17.27199839,-2.45774619,0.953862228,0.886977779,#N/A,#N/A,0.979039711,18594,364,#N/A,#N/A,11989,2010,25.97272475,15.71090465,#N/A,#N/A,-2.45774619,28.43047094,27.38355311,18.16865085,14.54896143,#N/A,#N/A,10.23895812,-2.45774619,0.919194021,0.826636398,#N/A,#N/A,0.974287402,617012,2884,#N/A,#N/A,1131051,2010,21.55728655,17.40346857,#N/A,#N/A,-2.45774619,24.01503274,24.74590186,19.86121476,20.92506674,#N/A,#N/A,12.20255983,-2.45774619,78.12521037,73.81991373,#N/A,#N/A,75.20227349,14855,5564,#N/A,#N/A,11964,2010,0.981594756,0.308947957,#N/A,#N/A,-0.390062644,1.371657401,1.393978872,0.699010602,0.838175783,#N/A,#N/A,-8.772049301,-0.390062644,46.73653296,45.14459422,#N/A,#N/A,50.9971492,654097,477239,#N/A,#N/A,826784,2010,32.7126642,27.38355311,24.74590186,1.393978872,38.96668715,28.43047094,24.01503274,1.371657401,25.79144796,14.54896143,20.92506674,0.838175783,24.92302983,18.16865085,19.86121476,0.699010602,#N/A,#N/A,#N/A,#N/A,2010,5.357884244,6.349344019,3.859928405,3.663215852,11989,1131051,11964,826784,2010,12.36007444,-2.45774619,144282,-0.390062644,1165394
2011,39.74537218,33.97344715,#N/A,#N/A,-0.102806829,39.84817901,35.0689558,34.07625398,27.1012494,#N/A,#N/A,23.47031991,-0.102806829,0.792269093,0.78347928,#N/A,#N/A,0.98129278,12299,365,#N/A,#N/A,14408,2011,35.38380517,25.411275,#N/A,#N/A,-0.102806829,35.486612,27.80123739,25.51408183,17.68504494,#N/A,#N/A,13.46363334,-0.102806829,0.787662123,0.778351726,#N/A,#N/A,0.974531754,419033,2694,#N/A,#N/A,1178962,2011,28.29233038,23.80085578,#N/A,#N/A,-0.102806829,28.39513721,27.27639704,23.90366261,24.68309499,#N/A,#N/A,17.33720334,-0.102806829,78.37391159,76.01208865,#N/A,#N/A,78.29783983,11944,4467,#N/A,#N/A,14397,2011,3.866248564,2.994633127,#N/A,#N/A,2.326643986,1.539604578,1.39303636,0.667989141,0.818273612,#N/A,#N/A,-6.251121851,2.326643986,45.43320642,43.83266096,#N/A,#N/A,50.47011575,487996,393136,#N/A,#N/A,864636,2011,35.0689558,27.80123739,27.27639704,1.39303636,39.84817901,35.486612,28.39513721,1.539604578,27.1012494,17.68504494,24.68309499,0.818273612,34.07625398,25.51408183,23.90366261,0.667989141,#N/A,#N/A,#N/A,#N/A,2011,4.517517647,5.906946272,3.689962597,3.608689451,14408,1178962,14397,864636,2011,16.95160907,-0.102806829,138963,2.326643986,1212527
2012,47.06546681,40.22417571,#N/A,#N/A,4.201521253,42.86394555,35.93418052,36.02265446,26.8851765,#N/A,#N/A,29.63177153,4.201521253,0.775536824,0.774267769,#N/A,#N/A,0.969225078,11602,321,#N/A,#N/A,19919,2012,39.14034062,31.76512165,#N/A,#N/A,4.201521253,34.93881937,28.80135623,27.5636004,19.08791288,#N/A,#N/A,17.36595352,4.201521253,0.775424553,0.770719959,#N/A,#N/A,0.968416419,195443,2458,#N/A,#N/A,1376951,2012,34.33286025,29.68652189,#N/A,#N/A,4.201521253,30.131339,25.9141911,25.48500064,22.57462847,#N/A,#N/A,19.62193988,4.201521253,77.29828119,75.5483249,#N/A,#N/A,78.63712677,10356,4149,#N/A,#N/A,19894,2012,7.016106863,6.014540897,#N/A,#N/A,5.167542182,1.848564681,1.491821683,0.846998715,0.897011586,#N/A,#N/A,-3.328589245,5.167542182,37.55982447,35.76842983,#N/A,#N/A,48.88080448,331102,309254,#N/A,#N/A,917610,2012,35.93418052,28.80135623,25.9141911,1.491821683,42.86394555,34.93881937,30.131339,1.848564681,26.8851765,19.08791288,22.57462847,0.897011586,36.02265446,27.5636004,25.48500064,0.846998715,#N/A,#N/A,#N/A,#N/A,2012,3.454664629,5.600449335,3.330518139,3.573999601,19919,1376951,19894,917610,2012,20.05846417,4.201521253,126069,5.167542182,1422601
2013,63.99215926,#N/A,#N/A,#N/A,12.3828686,51.60929066,41.37029504,#N/A,29.81272383,#N/A,#N/A,39.04301825,12.3828686,0.768109089,#N/A,#N/A,#N/A,0.880882869,1502,#N/A,#N/A,#N/A,16906,2013,56.26550216,42.05423848,#N/A,#N/A,12.3828686,43.88263356,31.28998092,29.67136988,21.90569901,#N/A,#N/A,22.6072134,12.3828686,0.768567859,0.763254788,#N/A,#N/A,0.936334763,4525,255,#N/A,#N/A,1199755,2013,45.89759909,41.32462785,#N/A,#N/A,12.3828686,33.51473049,27.04571981,28.94175925,21.6871497,#N/A,#N/A,24.33426061,12.3828686,74.75737705,73.48927477,#N/A,#N/A,78.23924779,2440,979,#N/A,#N/A,16857,2013,12.56633918,10.24802234,#N/A,#N/A,8.902129513,3.664209666,1.602990507,1.345892825,0.793922343,#N/A,#N/A,-0.392062641,8.902129513,30.05556939,26.97976106,#N/A,#N/A,47.19509552,36153,33648,#N/A,#N/A,830506,2013,41.37029504,31.28998092,27.04571981,1.602990507,51.60929066,43.88263356,33.51473049,3.664209666,29.81272383,21.90569901,21.6871497,0.793922343,#N/A,29.67136988,28.94175925,1.345892825,#N/A,#N/A,#N/A,#N/A,2013,2.844619518,5.40314402,3.015088835,3.543614753,16906,1199755,16857,830506,2013,27.16683429,12.3828686,62757,8.902129513,1244011
2014,#N/A,#N/A,#N/A,#N/A,17.08699525,#N/A,42.69690425,#N/A,35.40643955,#N/A,#N/A,44.81505963,17.08699525,#N/A,#N/A,#N/A,#N/A,0.797534206,#N/A,#N/A,#N/A,#N/A,17671,2014,#N/A,#N/A,#N/A,#N/A,17.08699525,#N/A,35.64160767,#N/A,26.84844288,#N/A,#N/A,30.10330633,17.08699525,#N/A,#N/A,#N/A,#N/A,0.894963702,#N/A,#N/A,#N/A,#N/A,1066790,2014,#N/A,#N/A,#N/A,#N/A,17.08699525,#N/A,29.26080602,#N/A,23.96867205,#N/A,#N/A,31.20057044,17.08699525,#N/A,#N/A,#N/A,#N/A,77.30592572,#N/A,#N/A,#N/A,#N/A,17635,2014,#N/A,#N/A,#N/A,#N/A,13.88505886,#N/A,1.618277408,#N/A,0.705392881,#N/A,#N/A,2.770668908,13.88505886,#N/A,#N/A,#N/A,#N/A,43.49761373,#N/A,#N/A,#N/A,#N/A,804604,2014,42.69690425,35.64160767,29.26080602,1.618277408,#N/A,#N/A,#N/A,#N/A,35.40643955,26.84844288,23.96867205,0.705392881,#N/A,#N/A,#N/A,#N/A,#N/A,#N/A,#N/A,#N/A,2014,2.612046303,5.209772823,2.763978749,3.42361921,17671,1066790,17635,804604,2014,37.30089845,17.08699525,62720,13.88505886,1103186
2015,#N/A,#N/A,#N/A,#N/A,25.08216506,#N/A,49.3550481,#N/A,#N/A,#N/A,#N/A,56.27337407,25.08216506,#N/A,#N/A,#N/A,#N/A,0.77838289,#N/A,#N/A,#N/A,#N/A,2047,2015,#N/A,#N/A,#N/A,#N/A,25.08216506,#N/A,38.49065702,#N/A,32.70783811,#N/A,#N/A,35.44429789,25.08216506,#N/A,#N/A,#N/A,#N/A,0.86996189,#N/A,#N/A,#N/A,#N/A,92625,2015,#N/A,#N/A,#N/A,#N/A,25.08216506,#N/A,33.50393149,#N/A,27.03798358,#N/A,#N/A,40.01761625,25.08216506,#N/A,#N/A,#N/A,#N/A,75.70053737,#N/A,#N/A,#N/A,#N/A,2047,2015,#N/A,#N/A,#N/A,#N/A,17.39231438,#N/A,2.501557599,#N/A,0.85113295,#N/A,#N/A,5.603272799,17.39231438,#N/A,#N/A,#N/A,#N/A,35.85633123,#N/A,#N/A,#N/A,#N/A,74630,2015,49.3550481,38.49065702,33.50393149,2.501557599,#N/A,#N/A,#N/A,#N/A,#N/A,32.70783811,27.03798358,0.85113295,#N/A,#N/A,#N/A,#N/A,#N/A,#N/A,#N/A,#N/A,2015,2.381610524,4.948636168,2.604014422,3.428547735,2047,92625,2047,74630,2015,#N/A,25.08216506,4223,17.39231438,94850
