yob1,W_HO_PTA_m_SB,UW_HO_PTA_m_SB,T_W_HO_PTA_m_SB,T_UW_HO_PTA_m_SB,HO_ptam_RegCow_1,W_HO_SD_m_SB,W_BY1_HO_SD_m_SB,UW_HO_SD_m_SB,UW_BY1_HO_SD_m_SB,T_W_HO_SD_m_SB,T_UW_HO_SD_m_SB,W_BY1_HO_PTA_m_SB,HO_ptam_RegCow_4,W_HO_REL_m_SB,UW_HO_REL_m_SB,T_W_HO_REL_m_SB,T_UW_HO_REL_m_SB,W_BY1_HO_REL_m_SB,W_HO_NUM_PTA_SB,UW_HO_NUM_PTA_SB,T_W_HO_NUM_PTA_SB,T_UW_HO_NUM_PTA_SB,W_BY1_HO_NUM_PTA_SB,yob2,W_HO_PTA_m_SC,UW_HO_PTA_m_SC,T_W_HO_PTA_m_SC,T_UW_HO_PTA_m_SC,HO_ptam_RegCow_2,W_HO_SD_m_SC,W_BY1_HO_SD_m_SC,UW_HO_SD_m_SC,UW_BY1_HO_SD_m_SC,T_W_HO_SD_m_SC,T_UW_HO_SD_m_SC,W_BY1_HO_PTA_m_SC,HO_ptam_RegCow_5,W_HO_REL_m_SC,UW_HO_REL_m_SC,T_W_HO_REL_m_SC,T_UW_HO_REL_m_SC,W_BY1_HO_REL_m_SC,W_HO_NUM_PTA_SC,UW_HO_NUM_PTA_SC,T_W_HO_NUM_PTA_SC,T_UW_HO_NUM_PTA_SC,W_BY1_HO_NUM_PTA_SC,yob3,W_HO_PTA_m_DB,UW_HO_PTA_m_DB,T_W_HO_PTA_m_DB,T_UW_HO_PTA_m_DB,HO_ptam_RegCow_3,W_HO_SD_m_DB,W_BY1_HO_SD_m_DB,UW_HO_SD_m_DB,UW_BY1_HO_SD_m_DB,T_W_HO_SD_m_DB,T_UW_HO_SD_m_DB,W_BY1_HO_PTA_m_DB,HO_ptam_RegCow_6,W_HO_REL_m_DB,UW_HO_REL_m_DB,T_W_HO_REL_m_DB,T_UW_HO_REL_m_DB,W_BY1_HO_REL_m_DB,W_HO_NUM_PTA_DB,UW_HO_NUM_PTA_DB,T_W_HO_NUM_PTA_DB,T_UW_HO_NUM_PTA_DB,W_BY1_HO_NUM_PTA_DB,yob4,W_HO_PTA_m_DC,UW_HO_PTA_m_DC,T_W_HO_PTA_m_DC,T_UW_HO_PTA_m_DC,HO_ptam_AllCow_1,W_HO_SD_m_DC,W_BY1_HO_SD_m_DC,UW_HO_SD_m_DC,UW_BY1_HO_SD_m_DC,T_W_HO_SD_m_DC,T_UW_HO_SD_m_DC,W_BY1_HO_PTA_m_DC,HO_ptam_AllCow_2,W_HO_REL_m_DC,UW_HO_REL_m_DC,T_W_HO_REL_m_DC,T_UW_HO_REL_m_DC,W_BY1_HO_REL_m_DC,W_HO_NUM_PTA_DC,UW_HO_NUM_PTA_DC,T_W_HO_NUM_PTA_DC,T_UW_HO_NUM_PTA_DC,W_BY1_HO_NUM_PTA_DC,yob5,W_BY1_HO_SD_m_SB_1,W_BY1_HO_SD_m_SC_1,W_BY1_HO_SD_m_DB_1,W_BY1_HO_SD_m_DC_1,W_HO_SD_m_SB_1,W_HO_SD_m_SC_1,W_HO_SD_m_DB_1,W_HO_SD_m_DC_1,UW_BY1_HO_SD_m_SB_1,UW_BY1_HO_SD_m_SC_1,UW_BY1_HO_SD_m_DB_1,UW_BY1_HO_SD_m_DC_1,UW_HO_SD_m_SB_1,UW_HO_SD_m_SC_1,UW_HO_SD_m_DB_1,UW_HO_SD_m_DC_1,T_W_HO_SD_m_SB_1,T_W_HO_SD_m_SC_1,T_W_HO_SD_m_DB_1,T_W_HO_SD_m_DC_1,yob6,GenInt_SB,GenInt_SC,GenInt_DB,GenInt_DC,nGI_SB,nGI_SC,nGI_DB,nGI_DC,yob7,UW_BY1_HO_PTA_m_SB,HO_ptam_RegCow_7,HO_numm_RegCow,HO_ptam_AllCow_3,HO_numm_AllCow
1975,-1237.65207,-2063.231903,-1237.65207,-2063.231903,-2228.296882,990.6448116,#N/A,165.0649789,#N/A,990.6448116,165.0649789,#N/A,-2228.296882,0.982244014,0.888749746,0.982244014,0.888749746,#N/A,2825,176,2825,176,#N/A,1975,-1695.83029,-2321.878749,-1695.736072,-2321.878749,-2228.296882,532.4665919,57.92035441,-93.5818671,#N/A,532.5608102,-93.5818671,-2136.479658,-2228.296882,0.95410127,0.736509197,0.954120603,0.736509197,0.835912162,524382,2650,524038,2650,137,1975,-2085.777896,-2198.4379,-2085.777896,-2198.4379,-2228.296882,142.5189856,#N/A,29.85898238,#N/A,142.5189856,29.85898238,#N/A,-2228.296882,62.86314408,58.02638889,62.86314408,58.02638889,#N/A,3047,2160,3047,2160,#N/A,1975,-2528.89925,-2559.673177,-2528.896033,-2559.675021,-2587.680496,58.78124582,37.16231022,28.00731958,24.56674325,58.78446427,28.00547571,-2246.359063,-2587.680496,41.57447397,38.27843551,41.57511926,38.27873614,37.05835544,444840,238953,444826,238950,754,1975,#N/A,57.92035441,#N/A,37.16231022,990.6448116,532.4665919,142.5189856,58.78124582,#N/A,#N/A,#N/A,24.56674325,165.0649789,-93.5818671,29.85898238,28.00731958,990.6448116,532.5608102,142.5189856,58.78446427,1975,#N/A,-0.429942495,#N/A,-3.937505106,#N/A,137,#N/A,754,1975,#N/A,-2228.296882,1629,-2587.680496,456398
1976,-1378.66939,-1962.748806,-1378.66939,-1962.748806,-2177.944949,799.2755591,#N/A,215.1961433,#N/A,799.2755591,215.1961433,#N/A,-2177.944949,0.980807089,0.886806035,0.980807089,0.886806035,#N/A,2948,191,2948,191,#N/A,1976,-1438.801589,-2226.021979,-1438.676982,-2226.021979,-2177.944949,739.1433604,-43.91632608,-48.07702932,#N/A,739.2679678,-48.07702932,-2261.70527,-2177.944949,0.961766583,0.744891424,0.961792868,0.744891424,0.756016812,762753,3046,762408,3046,939,1976,-2032.495664,-2135.73884,-2032.495664,-2135.73884,-2177.944949,145.4492856,#N/A,42.20610907,#N/A,145.4492856,42.20610907,#N/A,-2177.944949,61.4898957,57.13511029,61.4898957,57.13511029,#N/A,3068,2176,3068,2176,#N/A,1976,-2449.823523,-2482.377649,-2449.824608,-2482.377027,-2511.453152,61.62962931,15.98013698,29.07550246,-20.59898513,61.62854467,29.07612483,-2372.866674,-2511.453152,42.18484411,38.98905665,42.18520221,38.98935503,37.96040664,482888,261346,482883,261344,1869,1976,#N/A,-43.91632608,#N/A,15.98013698,799.2755591,739.1433604,145.4492856,61.62962931,#N/A,#N/A,#N/A,-20.59898513,215.1961433,-48.07702932,42.20610907,29.07550246,799.2755591,739.2679678,145.4492856,61.62854467,1976,#N/A,1.358457998,#N/A,-1.351099334,#N/A,939,#N/A,1869,1976,#N/A,-2177.944949,2109,-2511.453152,493963
1977,-1361.87979,-1905.481242,-1361.87979,-1905.481242,-2099.152074,737.272284,#N/A,193.6708324,#N/A,737.272284,193.6708324,#N/A,-2099.152074,0.980724518,0.894161609,0.980724518,0.894161609,#N/A,2594,173,2594,173,#N/A,1977,-1589.834994,-2154.411297,-1589.675395,-2154.411297,-2099.152074,509.317081,0.392971148,-55.25922199,-198.084892,509.4766791,-55.25922199,-2225.489886,-2099.152074,0.954560598,0.745694597,0.954597804,0.745694597,0.807756355,617172,3231,616693,3231,31849,1977,-1933.37663,-2051.221605,-1933.37663,-2051.221605,-2099.152074,165.7754452,-30.25564534,47.93047006,-119.9092915,165.7754452,47.93047006,-2258.252813,-2099.152074,61.11689471,56.2942743,61.11689471,56.2942743,58.82738095,3362,2253,3362,2253,168,1977,-2369.207144,-2402.601981,-2369.206032,-2402.600533,-2431.011235,61.80409051,11.65657532,28.40925314,-48.8482004,61.80520267,28.41070172,-2566.511903,-2431.011235,43.00961472,39.79997967,43.00951369,39.79995794,41.48461314,523988,285316,523982,285315,61546,1977,#N/A,0.392971148,-30.25564534,11.65657532,737.272284,509.317081,165.7754452,61.80409051,#N/A,-198.084892,-119.9092915,-48.8482004,193.6708324,-55.25922199,47.93047006,28.40925314,737.272284,509.4766791,165.7754452,61.80520267,1977,#N/A,2.215714558,2.266321176,2.129637675,#N/A,31849,168,61546,1977,#N/A,-2099.152074,2422,-2431.011235,533358
1978,-1121.393367,-2006.77444,-1121.393367,-2006.77444,-2088.752386,967.3590198,#N/A,81.97794602,#N/A,967.3590198,81.97794602,#N/A,-2088.752386,0.980394143,0.886065299,0.980394143,0.886065299,#N/A,3981,122,3981,122,#N/A,1978,-1457.360559,-2115.9528,-1456.976184,-2115.983783,-2088.752386,631.3918274,-11.80317029,-27.20041433,-162.8602311,631.7762029,-27.23139707,-2212.395177,-2088.752386,0.946801679,0.74533484,0.94684068,0.745326775,0.807523609,492968,3059,492394,3058,71684,1978,-1920.909589,-2021.151613,-1920.909589,-2021.151613,-2088.752386,167.8427975,12.40698837,67.60077378,-45.19842543,167.8427975,67.60077378,-2200.059164,-2088.752386,58.78440367,53.80086789,58.78440367,53.80086789,59.336714,3052,2074,3052,2074,493,1978,-2290.032941,-2324.841128,-2290.028309,-2324.841128,-2354.73597,64.70302918,19.61525093,29.89484272,-30.88966027,64.70766153,29.89484272,-2530.738206,-2354.73597,43.4452997,40.36068481,43.44530363,40.36068481,41.25081733,538891,298826,538884,298826,159973,1978,#N/A,-11.80317029,12.40698837,19.61525093,967.3590198,631.3918274,167.8427975,64.70302918,#N/A,-162.8602311,-45.19842543,-30.88966027,81.97794602,-27.20041433,67.60077378,29.89484272,967.3590198,631.7762029,167.8427975,64.70766153,1978,#N/A,2.536347085,2.813810875,2.621380072,#N/A,71684,493,159973,1978,#N/A,-2088.752386,2611,-2354.73597,563020
1979,-1461.561633,-1858.74343,-1461.561633,-1858.74343,-2038.041431,576.4797972,-119.8764695,179.2980001,#N/A,576.4797972,179.2980001,-2287.452782,-2038.041431,0.984879865,0.901854041,0.984879865,0.901854041,0.866417689,5588,151,5588,151,134,1979,-1399.059367,-2018.827588,-1398.71675,-2018.827588,-2038.041431,638.9820634,-18.96578807,19.21384249,-123.6479842,639.3246807,19.21384249,-2172.424655,-2038.041431,0.958650878,0.756180086,0.958721828,0.756180086,0.812700836,712945,3283,712298,3283,100234,1979,-1900.57235,-1996.844472,-1900.57235,-1996.844472,-2038.041431,137.46908,44.88944541,41.19695824,-28.769481,137.46908,41.19695824,-2139.631223,-2038.041431,53.98172709,50.24026549,53.98172709,50.24026549,59.95463138,3393,2260,3393,2260,1058,1979,-2213.143613,-2247.313818,-2213.14317,-2247.314003,-2280.256321,67.11270847,30.6755118,32.94250246,-4.694578941,67.11315068,32.9423181,-2477.596112,-2280.256321,43.90948359,40.92777664,43.90947453,40.92777953,41.3469935,572062,321018,572060,321017,268884,1979,-119.8764695,-18.96578807,44.88944541,30.6755118,576.4797972,638.9820634,137.46908,67.11270847,#N/A,-123.6479842,-28.769481,-4.694578941,179.2980001,19.21384249,41.19695824,32.94250246,576.4797972,639.3246807,137.46908,67.11315068,1979,3.00693657,2.771164974,3.311738471,3.030908662,134,100234,1058,268884,1979,#N/A,-2038.041431,3145,-2280.256321,624359
1980,-1315.558639,-1766.528519,-1315.558639,-1766.528519,-2004.691922,689.1332833,-75.25435022,238.163403,#N/A,689.1332833,238.163403,-2216.112753,-2004.691922,0.981387556,0.917413555,0.981387556,0.917413555,0.864016843,3783,174,3783,174,117,1980,-1446.405912,-1932.348171,-1446.324207,-1932.348171,-2004.691922,558.2860103,-7.084807691,72.34375091,-90.67519802,558.3677148,72.34375091,-2125.614779,-2004.691922,0.960107241,0.767149655,0.960125298,0.767149655,0.819488908,739128,3249,738843,3249,116238,1980,-1890.875393,-1980.058612,-1890.875393,-1980.058612,-2004.691922,113.8165292,133.8818445,24.63331036,62.17964428,113.8165292,24.63331036,-2029.432539,-2004.691922,54.98516843,49.0456067,54.98516843,49.0456067,61.48993289,3978,2390,3978,2390,1490,1980,-2140.595136,-2176.58637,-2140.591998,-2176.586788,-2208.457582,67.86244493,35.89264888,31.87121156,9.171691016,67.86558342,31.87079357,-2423.20982,-2208.457582,44.20346221,41.12929728,44.20340827,41.12930344,41.63329909,607705,345684,607699,345683,369860,1980,-75.25435022,-7.084807691,133.8818445,35.89264888,689.1332833,558.2860103,113.8165292,67.86244493,#N/A,-90.67519802,62.17964428,9.171691016,238.163403,72.34375091,24.63331036,31.87121156,689.1332833,558.3677148,113.8165292,67.86558342,1980,3.37305557,2.974309348,3.860558871,3.378656808,117,116238,1490,369860,1980,#N/A,-2004.691922,4318,-2208.457582,690506
1981,-1005.972014,-1494.286223,-1005.972014,-1494.286223,-1907.524563,901.55255,131.8440293,413.2383407,#N/A,901.55255,413.2383407,-2025.389722,-1907.524563,0.987303137,0.91883694,0.987303137,0.91883694,0.928499749,7476,172,7476,172,200,1981,-1129.278261,-1824.734137,-1129.187055,-1824.734137,-1907.524563,778.2463022,84.52101065,82.79042543,-28.67614752,778.3375083,82.79042543,-2019.809082,-1907.524563,0.965443489,0.768920397,0.965454922,0.768920397,0.850051902,846894,3150,846505,3150,146493,1981,-1754.289472,-1887.684174,-1754.289472,-1887.684174,-1907.524563,153.2350906,159.7529247,19.84038815,85.2299685,153.2350906,19.84038815,-1976.938457,-1907.524563,56.93488459,48.00928793,56.93488459,48.00928793,62.39297297,5329,2907,5329,2907,1850,1981,-2059.454597,-2098.233954,-2059.454316,-2098.234171,-2132.835187,73.38058965,45.19342132,34.60123298,18.03745162,73.38087123,34.60101622,-2359.27958,-2132.835187,44.66754879,41.53914786,44.66749383,41.53923042,42.27681547,624633,358768,624626,358765,454346,1981,131.8440293,84.52101065,159.7529247,45.19342132,901.55255,778.2463022,153.2350906,73.38058965,#N/A,-28.67614752,85.2299685,18.03745162,413.2383407,82.79042543,19.84038815,34.60123298,901.55255,778.3375083,153.2350906,73.38087123,1981,4.793086927,3.559783728,4.310019424,3.657165638,200,146493,1850,454346,1981,#N/A,-1907.524563,5944,-2132.835187,738224
1982,-1070.030431,-1468.606965,-1070.030431,-1468.606965,-1833.348242,763.3178105,582.4393049,364.7412766,#N/A,763.3178105,364.7412766,-1589.055526,-1833.348242,0.965375496,0.906034231,0.965375496,0.906034231,0.968032541,3460,174,3460,174,549,1982,-1057.058133,-1744.415743,-1056.615373,-1744.415743,-1833.348242,776.2901093,315.724209,88.93249867,-0.747694506,776.7328684,88.93249867,-1806.199049,-1833.348242,0.964386424,0.775602667,0.964430125,0.775602667,0.903750415,837707,3168,837170,3168,242005,1982,-1695.229708,-1834.79065,-1695.229708,-1834.79065,-1833.348242,138.1185337,222.7316811,-1.442408782,145.4410844,138.1185337,-1.442408782,-1892.693329,-1833.348242,53.63721805,45.13455954,53.63721805,45.13455954,64.33027523,5852,3099,5852,3099,2289,1982,-1984.865918,-2024.561699,-1984.865345,-2024.561699,-2061.602004,76.73608647,53.6672904,37.04030479,27.64395823,76.73665842,37.04030479,-2293.460105,-2061.602004,44.96641527,41.87292001,44.96613195,41.87292001,42.92122225,625701,362441,625693,362441,517405,1982,582.4393049,315.724209,222.7316811,53.6672904,763.3178105,776.2901093,138.1185337,76.73608647,#N/A,-0.747694506,145.4410844,27.64395823,364.7412766,88.93249867,-1.442408782,37.04030479,763.3178105,776.7328684,138.1185337,76.73665842,1982,5.976723281,4.87066799,4.760351041,3.891221546,549,242005,2289,517405,1982,#N/A,-1833.348242,7623,-2061.602004,764573
1983,-955.316417,-1504.332425,-955.316417,-1504.332425,-1792.509077,837.1926591,819.370761,288.1766516,254.1825864,837.1926591,288.1766516,-1356.161537,-1792.509077,0.986351657,0.915882086,0.986351657,0.915882086,0.982090538,7042,136,7042,136,1344,1983,-1022.134411,-1670.466523,-1021.985248,-1670.466523,-1792.509077,770.3746655,488.1088283,122.042553,42.76451683,770.5238279,122.042553,-1631.26985,-1792.509077,0.958794422,0.774945898,0.958806996,0.774945898,0.933764899,637208,3063,636891,3063,375061,1983,-1656.293261,-1815.338997,-1656.293261,-1815.338997,-1792.509077,136.2158147,264.0099627,-22.82992093,166.4167471,136.2158147,-22.82992093,-1815.616361,-1792.509077,48.49915683,40.71741936,48.49915683,40.71741936,65.71616767,5337,3100,5337,3100,2505,1983,-1902.537628,-1942.341156,-1902.54021,-1942.341156,-1980.60216,78.06453201,58.58022247,38.26100377,28.7513071,78.06194972,38.26100377,-2225.285225,-1980.60216,45.15693791,42.17030836,45.15674228,42.17030836,43.36011075,634168,369929,634162,369929,565987,1983,819.370761,488.1088283,264.0099627,58.58022247,837.1926591,770.3746655,136.2158147,78.06453201,254.1825864,42.76451683,166.4167471,28.7513071,288.1766516,122.042553,-22.82992093,38.26100377,837.1926591,770.5238279,136.2158147,78.06194972,1983,7.012104397,5.904910537,5.043458873,4.028001054,1344,375061,2505,565987,1983,-1824.244834,-1792.509077,8714,-1980.60216,779237
1984,-994.390885,-1370.1645,-994.390885,-1370.1645,-1769.310004,774.9191188,786.9265679,399.145504,290.4772571,774.9191188,399.145504,-1363.412858,-1769.310004,0.973089933,0.899875522,0.973089933,0.899875522,0.979219984,2673,161,2673,161,1385,1984,-974.9772658,-1639.728848,-974.9028703,-1639.728848,-1769.310004,794.3327378,540.1178588,129.581156,82.67304448,794.4071334,129.581156,-1554.707751,-1769.310004,0.956342509,0.777698735,0.956357244,0.777698735,0.947771923,607049,3116,606751,3116,480920,1984,-1687.572399,-1778.810238,-1687.572399,-1778.810238,-1769.310004,81.73760502,286.0722124,-9.500233397,173.4471552,81.73760502,-9.500233397,-1750.611922,-1769.310004,45.16447114,39.00198347,45.16447114,39.00198347,66.11155092,5162,3025,5162,3025,2779,1984,-1838.837859,-1875.96839,-1838.836242,-1875.96438,-1911.195068,72.35720862,64.19591872,35.22667813,31.89870095,72.35882653,35.23068743,-2155.129624,-1911.195068,45.30331496,42.42533149,45.3032288,42.42556124,43.98395513,625317,369319,625310,369317,584112,1984,786.9265679,540.1178588,286.0722124,64.19591872,774.9191188,794.3327378,81.73760502,72.35720862,290.4772571,82.67304448,173.4471552,31.89870095,399.145504,129.581156,-9.500233397,35.22667813,774.9191188,794.4071334,81.73760502,72.35882653,1984,7.576522682,6.594060756,5.239215895,4.153793656,1385,480920,2779,584112,1984,-1743.235116,-1769.310004,10677,-1911.195068,765599
1985,-774.7090823,-1288.695712,-774.7090823,-1288.695712,-1687.778593,913.0695104,775.6503787,399.0828807,302.238132,913.0695104,399.0828807,-1340.022314,-1687.778593,0.985345048,0.913216114,0.985345048,0.913216114,0.983000343,7139,171,7139,171,1733,1985,-984.9256478,-1548.366451,-984.5197697,-1548.366451,-1687.778593,702.8529446,571.9648373,139.412142,82.02655912,703.2588228,139.412142,-1496.302698,-1687.778593,0.960125281,0.782202992,0.960166688,0.782202992,0.953458884,698430,3218,697712,3218,572055,1985,-1569.757465,-1683.247358,-1569.757465,-1683.247358,-1687.778593,118.0211276,319.8816674,4.531234618,191.5848828,118.0211276,4.531234618,-1665.00546,-1687.778593,44.96072079,38.54413329,44.96072079,38.54413329,67.65385879,4939,2821,4939,2821,3045,1985,-1760.220642,-1795.978858,-1760.21958,-1795.976807,-1831.831748,71.6111059,71.66879995,35.85288932,36.78320736,71.61216722,35.85494054,-2077.408499,-1831.831748,45.41202046,42.65041032,45.41183101,42.6503716,44.52896365,634335,379708,634316,379706,611318,1985,775.6503787,571.9648373,319.8816674,71.66879995,913.0695104,702.8529446,118.0211276,71.6111059,302.238132,82.02655912,191.5848828,36.78320736,399.0828807,139.412142,4.531234618,35.85288932,913.0695104,703.2588228,118.0211276,71.61216722,1985,7.801839953,7.068774903,5.316023283,4.212772538,1733,572055,3045,611318,1985,-1700.713092,-1687.778593,12404,-1831.831748,784506
1986,-839.3635471,-1157.825324,-839.4606406,-1157.825324,-1560.337251,720.9737044,722.0825949,402.5119275,198.6551697,720.8766108,402.5119275,-1359.93821,-1560.337251,0.976177891,0.898230209,0.976176507,0.898230209,0.98342239,9982,243,9981,243,4517,1986,-802.5839079,-1463.737226,-803.1306531,-1463.60953,-1560.337251,757.7533436,620.4307825,96.60002592,102.3442866,757.2065983,96.72772115,-1411.173706,-1560.337251,0.965621841,0.789964618,0.965616582,0.790012323,0.95750142,911549,3983,910364,3982,635634,1986,-1372.652971,-1572.257914,-1372.652971,-1572.257914,-1560.337251,187.6842802,20.28114118,-11.9206623,-100.909896,187.6842802,-11.9206623,-1916.127332,-1560.337251,52.94081835,40.55334324,52.94081835,40.55334324,45.43584416,7063,3365,7063,3365,5775,1986,-1678.694114,-1717.858167,-1678.689236,-1717.856333,-1751.536347,72.84223375,74.10890114,33.67818041,36.51912919,72.84711208,33.68001511,-2003.920827,-1751.536347,45.69971529,42.88276937,45.69965843,42.88299096,45.01084807,640289,387049,640271,387047,623429,1986,722.0825949,620.4307825,20.28114118,74.10890114,720.9737044,757.7533436,187.6842802,72.84223375,198.6551697,102.3442866,-100.909896,36.51912919,402.5119275,96.60002592,-11.9206623,33.67818041,720.8766108,757.2065983,187.6842802,72.84711208,1986,7.97950582,7.192517982,5.403794946,4.260143557,4517,635634,5775,623429,1986,-1767.635066,-1560.337251,13098,-1751.536347,791825
1987,-714.3452692,-1181.591144,-714.2610215,-1181.591144,-1497.054668,782.7093992,740.3240058,315.4635239,210.7641283,782.7936469,315.4635239,-1311.212882,-1497.054668,0.971814413,0.897646792,0.971808993,0.897646792,0.981808598,3356,187,3355,187,4959,1987,-771.0105127,-1402.100191,-770.506913,-1401.868052,-1497.054668,726.0441557,645.7878956,94.95447724,121.6025497,726.5477553,95.18661625,-1341.871663,-1497.054668,0.954728887,0.789902079,0.954725504,0.789953469,0.958903987,618323,3890,617551,3888,702162,1987,-1468.164317,-1580.245848,-1468.164317,-1580.245848,-1497.054668,28.89035124,55.68186177,-83.19117966,-78.975591,28.89035124,-83.19117966,-1828.751179,-1497.054668,41.62530459,34.82746011,41.62530459,34.82746011,45.92596349,5335,3008,5335,3008,5916,1987,-1619.389157,-1651.633142,-1619.387018,-1651.627476,-1684.114447,64.72529045,73.62613761,32.48130482,37.21054836,64.72742875,32.4869714,-1929.001727,-1684.114447,45.37531929,42.88450512,45.3751208,42.88488789,45.163068,649876,401126,649844,401122,646258,1987,740.3240058,645.7878956,55.68186177,73.62613761,782.7093992,726.0441557,28.89035124,64.72529045,210.7641283,121.6025497,-78.975591,37.21054836,315.4635239,94.95447724,-83.19117966,32.48130482,782.7936469,726.5477553,28.89035124,64.72742875,1987,8.32614544,7.236895337,5.465756734,4.258383161,4959,702162,5916,646258,1987,-1713.275631,-1497.054668,13196,-1684.114447,821720
1988,-690.2811962,-1099.145031,-689.9804487,-1099.145031,-1443.060686,752.7794897,786.357071,343.915655,340.0302665,753.0802373,343.915655,-1199.075665,-1443.060686,0.966958435,0.882755318,0.967016427,0.882755318,0.979574892,5639,225,5638,225,5837,1988,-688.7161968,-1337.87665,-688.3947246,-1337.87665,-1443.060686,754.3444891,662.2862941,105.1840355,93.08150498,754.6659614,105.1840355,-1267.539451,-1443.060686,0.949483656,0.795278293,0.949477359,0.795278293,0.961130472,551288,4075,550711,4075,750960,1988,-1301.586444,-1466.576544,-1301.586444,-1466.576544,-1443.060686,141.4742424,100.7490927,-23.51585825,-37.28029679,141.4742424,-23.51585825,-1714.935144,-1443.060686,44.73612269,36.26086957,44.73612269,36.26086957,47.8115942,5999,3220,5999,3220,6348,1988,-1542.668114,-1575.413916,-1542.653265,-1575.410139,-1605.007726,62.33961295,75.09886996,29.59381074,36.34897242,62.35446181,29.59758778,-1850.386617,-1605.007726,45.47960675,42.90443744,45.47956854,42.90459247,45.38626276,658723,409763,658690,409758,660540,1988,786.357071,662.2862941,100.7490927,75.09886996,752.7794897,754.3444891,141.4742424,62.33961295,340.0302665,93.08150498,-37.28029679,36.34897242,343.915655,105.1840355,-23.51585825,29.59381074,753.0802373,754.6659614,141.4742424,62.35446181,1988,8.260287198,7.359095574,5.386598074,4.252856184,5837,750960,6348,660540,1988,-1505.661269,-1443.060686,15261,-1605.007726,842526
1989,-251.2145743,-1019.672145,-251.2145743,-1019.672145,-1386.38864,1135.174065,854.5770149,366.7164943,404.002665,1135.174065,366.7164943,-1080.448544,-1386.38864,0.973726426,0.902702459,0.973726426,0.902702459,0.983955811,7932,259,7932,259,6097,1989,-503.5895941,-1247.563731,-503.5360605,-1247.563731,-1386.38864,882.7990454,693.4918048,138.8249081,114.1053302,882.8525788,138.8249081,-1168.9843,-1386.38864,0.959618183,0.802426778,0.959628594,0.802426778,0.960700246,718791,4042,718179,4042,768337,1989,-1257.794951,-1381.905548,-1257.794951,-1381.905548,-1386.38864,128.5936887,126.8267691,4.483091328,-25.21139312,128.5936887,4.483091328,-1620.126158,-1386.38864,41.69948354,34.16889535,41.69948354,34.16889535,48.82402065,6196,3440,6196,3440,6586,1989,-1456.499916,-1487.394589,-1456.483852,-1487.393477,-1515.791787,59.29187153,73.96383507,28.39719897,38.90366237,59.30793548,28.39830972,-1773.61041,-1515.791787,45.7682931,43.25227287,45.76814252,43.25249113,45.53561706,641936,403234,641890,403230,660119,1989,854.5770149,693.4918048,126.8267691,73.96383507,1135.174065,882.7990454,128.5936887,59.29187153,404.002665,114.1053302,-25.21139312,38.90366237,366.7164943,138.8249081,4.483091328,28.39719897,1135.174065,882.8525788,128.5936887,59.30793548,1989,8.401113327,7.366245841,5.364095286,4.214782239,6097,768337,6586,660119,1989,-1374.355805,-1386.38864,18445,-1515.791787,847106
1990,-590.6958373,-921.4900808,-590.3828805,-916.0289285,-1332.586469,741.8906319,804.2633137,411.0963881,315.0784022,742.2035888,416.5575404,-1040.024303,-1332.586469,0.971743638,0.906363383,0.971774209,0.906843853,0.986029109,5677,264,5675,263,6271,1990,-601.8211731,-1196.380838,-601.7019844,-1196.380838,-1332.586469,730.7652961,697.6270444,136.2056311,108.8345251,730.8844849,136.2056311,-1104.73429,-1332.586469,0.959405799,0.809189025,0.959386443,0.809189025,0.96142063,722404,4058,720965,4058,801030,1990,-1168.224611,-1303.159932,-1168.224611,-1303.159932,-1332.586469,164.3618583,133.9721472,29.42653685,-24.69447973,164.3618583,29.42653685,-1535.128964,-1332.586469,43.19684362,33.58002774,43.19684362,33.58002774,48.44495143,6970,3605,6970,3605,6794,1990,-1387.740197,-1416.689545,-1387.737119,-1416.687306,-1443.969227,56.22903102,72.11888507,27.27968236,36.95673115,56.23210857,27.28192245,-1699.710523,-1443.969227,45.99347658,43.39488302,45.99324585,43.3952749,45.50522093,643374,406685,643308,406679,676221,1990,804.2633137,697.6270444,133.9721472,72.11888507,741.8906319,730.7652961,164.3618583,56.22903102,315.0784022,108.8345251,-24.69447973,36.95673115,411.0963881,136.2056311,29.42653685,27.27968236,742.2035888,730.8844849,164.3618583,56.23210857,1990,7.855125301,7.346945483,5.22696376,4.206733932,6271,801030,6794,676221,1990,-1405.724464,-1332.586469,23216,-1443.969227,872685
1991,-296.7327643,-805.4457727,-296.8103062,-805.4457727,-1230.930148,934.1973832,863.3337217,425.4843748,301.6352848,934.1198414,425.4843748,-899.0136897,-1230.930148,0.974017022,0.902310215,0.974013529,0.902310215,0.983434637,9153,277,9151,277,6533,1991,-449.6255896,-1081.844754,-449.5843409,-1081.844754,-1230.930148,781.3045579,740.8007498,149.0853933,115.9417205,781.3458066,149.0853933,-1007.064567,-1230.930148,0.962980637,0.814361328,0.962980159,0.814361328,0.962257958,800428,3955,799080,3955,809973,1991,-1103.63675,-1232.789007,-1103.74136,-1232.789007,-1230.930148,127.2933975,126.0249136,-1.858859309,-14.71013988,127.1887872,-1.858859309,-1457.293684,-1230.930148,38.58545455,30.59880096,38.57820078,30.59880096,46.70713049,8250,4170,8248,4170,6928,1991,-1299.379246,-1327.002352,-1299.376129,-1327.002959,-1355.945957,56.56671127,70.95181981,28.94360461,34.69049892,56.56982786,28.94299809,-1620.086393,-1355.945957,46.3120223,43.7112052,46.31112674,43.71105853,45.46800198,634413,403643,634301,403625,683386,1991,863.3337217,740.8007498,126.0249136,70.95181981,934.1973832,781.3045579,127.2933975,56.56671127,301.6352848,115.9417205,-14.71013988,34.69049892,425.4843748,149.0853933,-1.858859309,28.94360461,934.1198414,781.3458066,127.1887872,56.56982786,1991,7.473919017,7.331111985,4.989462357,4.173388305,6533,809973,6928,683386,1991,-1328.051068,-1230.930148,22766,-1355.945957,875017
1992,-362.2712556,-846.5661905,-362.0840057,-846.5661905,-1140.597442,778.3261861,857.3628541,294.0312512,380.6442333,778.5134359,294.0312512,-845.7178908,-1140.597442,0.960666136,0.882724119,0.960661792,0.882724119,0.979651446,6753,312,6752,312,7005,1992,-493.9122527,-1001.504582,-492.6609281,-1001.61102,-1140.597442,646.685189,766.5526703,139.0928597,121.6164222,647.9365136,138.9864221,-910.7737161,-1140.597442,0.953671465,0.813668604,0.953637355,0.81370329,0.961481636,631466,4143,629338,4142,801200,1992,-964.0413624,-1131.257313,-964.0413624,-1131.257313,-1140.597442,176.5560792,151.5477384,9.340127982,-1.083210821,176.5560792,9.340127982,-1344.462149,-1140.597442,42.00583959,31.19778282,42.00583959,31.19778282,45.84262701,8391,3969,8391,3969,7263,1992,-1212.289977,-1238.867077,-1212.282165,-1238.871013,-1267.349972,55.0599948,68.51008668,28.48289542,34.03768402,55.06780723,28.47895991,-1540.940651,-1267.349972,46.67424619,44.00035226,46.67352112,44.00056831,45.52400694,610900,388923,610698,388876,679970,1992,857.3628541,766.5526703,151.5477384,68.51008668,778.3261861,646.685189,176.5560792,55.0599948,380.6442333,121.6164222,-1.083210821,34.03768402,294.0312512,139.0928597,9.340127982,28.48289542,778.5134359,647.9365136,176.5560792,55.06780723,1992,7.766364204,7.237419955,4.686025567,4.129426739,7005,801200,7263,679970,1992,-1155.952939,-1140.597442,21594,-1267.349972,863585
1993,-352.0687227,-769.5108432,-352.2065608,-769.5108432,-1077.79774,725.7290175,774.4123393,308.2868969,402.8396733,725.5911794,308.2868969,-845.1257243,-1077.79774,0.954905102,0.88438793,0.954940815,0.88438793,0.976263138,4332,237,4327,237,6918,1993,-460.2329227,-950.7733492,-459.1077807,-950.6906403,-1077.79774,617.5648175,766.8105761,127.0243909,128.0079236,618.6899594,127.1070998,-827.5200099,-1077.79774,0.949273877,0.814389522,0.949164446,0.814400672,0.962872144,512195,3982,509262,3981,788609,1993,-999.2787165,-1110.506606,-999.2755904,-1110.506606,-1077.79774,78.51902348,144.1973075,-32.70886579,15.64721263,78.52214975,-32.70886579,-1271.92646,-1077.79774,36.48847771,30.61097334,36.47897039,30.61097334,43.03498584,5945,3226,5944,3226,7060,1993,-1135.649515,-1158.982205,-1135.667522,-1158.996825,-1186.459384,50.80986835,67.65516601,27.47717895,34.02583742,50.79186214,27.46255867,-1459.734721,-1186.459384,46.73400573,44.20108545,46.73173432,44.20207392,45.56199131,578629,370723,578188,370602,671941,1993,774.4123393,766.8105761,144.1973075,67.65516601,725.7290175,617.5648175,78.51902348,50.80986835,402.8396733,128.0079236,15.64721263,34.02583742,308.2868969,127.0243909,-32.70886579,27.47717895,725.5911794,618.6899594,78.52214975,50.79186214,1993,7.674580037,7.189384245,4.506363176,4.097113885,6918,788609,7060,671941,1993,-1071.246732,-1077.79774,21387,-1186.459384,847107
1994,-56.22726349,-595.8039543,-55.03616668,-597.4956648,-1013.140653,956.9133891,790.5351673,417.3366983,391.2897139,958.1044859,415.6449878,-755.5134491,-1013.140653,0.9696116,0.898235047,0.969578528,0.898262047,0.97312936,9326,306,9306,305,7477,1994,-349.2594659,-859.2531998,-347.9617267,-859.2531998,-1013.140653,663.8811867,777.580214,153.8874528,154.5550131,665.1789259,153.8874528,-740.3787757,-1013.140653,0.968139053,0.817983798,0.967936852,0.817983798,0.96175117,913718,3884,902954,3884,779851,1994,-786.8446304,-933.2462017,-786.9250951,-933.2462017,-1013.140653,226.2960222,135.7023767,79.89445079,-4.643511654,226.2155574,79.89445079,-1199.408838,-1013.140653,43.58067602,34.31458202,43.56324773,34.31458202,40.80099369,6272,3182,6269,3182,7447,1994,-1051.450108,-1074.663616,-1051.399691,-1074.636883,-1102.483635,51.03352633,65.61822672,27.82001871,33.48579401,51.08394318,27.84675211,-1377.517903,-1102.483635,47.32111975,44.77203092,47.31484466,44.7733724,45.97416958,562270,359211,561569,359056,661081,1994,790.5351673,777.580214,135.7023767,65.61822672,956.9133891,663.8811867,226.2960222,51.03352633,391.2897139,154.5550131,-4.643511654,33.48579401,417.3366983,153.8874528,79.89445079,27.82001871,958.1044859,665.1789259,226.2155574,51.08394318,1994,7.648676292,7.232860414,4.409775785,4.080280259,7477,779851,7447,661081,1994,-1005.167059,-1013.140653,21950,-1102.483635,835165
1995,-51.91833969,-547.2624624,-52.97631225,-547.2624624,-968.0000889,916.081749,926.9297626,420.7376263,384.9963681,915.0237764,420.7376263,-545.8878451,-968.0000889,0.964966173,0.883803784,0.964883477,0.883803784,0.974586271,7742,347,7697,347,7594,1995,-129.3059631,-711.5965439,-131.7001831,-711.7806305,-968.0000889,838.6941256,785.1721881,256.4035448,127.7036733,836.2999055,256.2194582,-666.0237287,-968.0000889,0.968594954,0.829580718,0.968396477,0.829594126,0.960369507,837315,3699,826333,3698,752374,1995,-699.4544507,-857.4725611,-699.3206273,-857.5949946,-968.0000889,268.545638,132.8512353,110.5275276,9.128112372,268.6794614,110.4050941,-1125.582561,-968.0000889,39.41894977,30.81943629,39.3854613,30.79788484,38.87159121,7008,3406,7002,3404,7554,1995,-979.0948413,-999.6353,-979.0995895,-999.6001702,-1024.440191,45.34534942,61.54028633,24.8048909,31.62153356,45.34060156,24.8400205,-1297.971423,-1024.440191,47.72782518,45.21288547,47.71466367,45.21824141,46.11288724,550602,351062,549576,350850,637840,1995,926.9297626,785.1721881,132.8512353,61.54028633,916.081749,838.6941256,268.545638,45.34534942,384.9963681,127.7036733,9.128112372,31.62153356,420.7376263,256.4035448,110.5275276,24.8048909,915.0237764,836.2999055,268.6794614,45.34060156,1995,7.382460702,7.233703165,4.380727618,4.067073005,7594,752374,7554,637840,1995,-955.3390867,-968.0000889,24408,-1024.440191,806020
1996,-55.93308274,-472.3178463,-55.26278364,-468.9914186,-926.3077888,870.3747065,914.7807453,453.9899429,344.9261182,871.0450056,457.3163706,-473.7371256,-926.3077888,0.957269316,0.888804087,0.957303798,0.889127012,0.969849828,6032,276,6009,275,7804,1996,-47.36343627,-654.9592265,-55.81580657,-654.8797107,-926.3077888,878.944353,786.3100144,271.3485628,144.466029,870.4919827,271.4280785,-580.3176143,-926.3077888,0.96962983,0.830361369,0.969171731,0.830410593,0.960393255,826436,3512,804227,3505,703508,1996,-623.2613808,-776.7411097,-623.3946266,-776.7411097,-926.3077888,303.0464085,157.4363146,149.5666796,-1.185872526,302.9131626,149.5666796,-1029.574438,-926.3077888,41.7548396,30.84116265,41.73965398,30.84116265,40.21802664,7232,3406,7225,3406,7733,1996,-892.558995,-913.6788455,-892.1556172,-913.6314116,-939.4306316,46.87163701,59.67098465,25.75178611,31.33945902,47.27501489,25.79922041,-1215.661178,-939.4306316,48.28669966,45.7425259,48.25171131,45.75307312,46.70260698,541490,340877,539499,340534,588689,1996,914.7807453,786.3100144,157.4363146,59.67098465,870.3747065,878.944353,303.0464085,46.87163701,344.9261182,144.466029,-1.185872526,31.33945902,453.9899429,271.3485628,149.5666796,25.75178611,871.0450056,870.4919827,302.9131626,47.27501489,1996,7.067116637,6.878413192,4.424665334,4.070234152,7804,703508,7733,588689,1996,-923.7143137,-926.3077888,33952,-939.4306316,745454
1997,-6.297108321,-465.3625848,-3.239807172,-461.2336568,-842.3163246,836.0192163,862.5186469,376.9537398,428.9202511,839.0765175,381.0826678,-429.8514047,-842.3163246,0.960126958,0.885526909,0.959791032,0.885768982,0.970459791,8648,313,8432,312,7956,1997,-40.10522461,-579.5087114,-45.11257983,-579.5591994,-842.3163246,802.2111,798.3620268,262.8076131,183.7368852,797.2037448,262.7571253,-496.9390596,-842.3163246,0.970620328,0.833107,0.969744659,0.833107857,0.963112855,851054,3627,808752,3626,701169,1997,-553.8561579,-704.4919594,-553.5611521,-703.4709721,-842.3163246,288.4601667,190.9416743,137.8243652,62.96203995,288.7551725,138.8453526,-923.2327092,-842.3163246,44.80767369,31.71644514,44.66075334,31.65857479,39.68410283,8262,3837,8230,3831,7819,1997,-809.6746361,-831.3024383,-809.638737,-831.3114755,-858.46859,48.7939539,57.42416499,27.16615175,29.4821472,48.82985297,27.15711443,-1137.334296,-858.46859,48.90481786,46.29233634,48.86165639,46.30240522,47.00419989,556533,345879,553383,345457,581444,1997,862.5186469,798.3620268,190.9416743,57.42416499,836.0192163,802.2111,288.4601667,48.7939539,428.9202511,183.7368852,62.96203995,29.4821472,376.9537398,262.8076131,137.8243652,27.16615175,839.0765175,797.2037448,288.7551725,48.82985297,1997,6.739327079,6.774074455,4.341698065,4.087006665,7956,701169,7819,581444,1997,-751.5312375,-842.3163246,97051,-858.46859,741224
1998,58.49050816,-395.6928524,55.27182777,-386.5192273,-775.946303,834.4368112,889.7009176,380.2534507,458.8191764,831.2181308,389.4270758,-319.7064154,-775.946303,0.963333913,0.877831065,0.962947147,0.877862642,0.966726399,8059,249,7851,248,7726,1998,-25.0382878,-491.2618481,-37.42779063,-490.5212543,-775.946303,750.9080152,799.8971274,284.6844549,258.7734739,738.5185124,285.4250487,-425.0476855,-775.946303,0.964253434,0.828729245,0.962204019,0.828888947,0.964062782,741010,3597,681932,3592,689547,1998,-469.5622499,-599.8705979,-472.9166251,-599.7220286,-775.946303,306.3840531,243.5844348,176.0757051,108.8092446,303.0296779,176.2242745,-799.467369,-775.946303,40.50284943,30.89022248,40.20145081,30.80404811,40.4198946,6668,3416,6617,3409,7590,1998,-737.2794322,-754.930181,-737.104144,-754.8515187,-782.2636272,44.98419506,55.64532863,27.33344623,30.2574047,45.15948323,27.41210851,-1054.726995,-782.2636272,49.05605836,46.69204931,49.00767926,46.70838246,47.32010625,550248,342360,545756,341821,560214,1998,889.7009176,799.8971274,243.5844348,55.64532863,834.4368112,750.9080152,306.3840531,44.98419506,458.8191764,258.7734739,108.8092446,30.2574047,380.2534507,284.6844549,176.0757051,27.33344623,831.2181308,738.5185124,303.0296779,45.15948323,1998,6.768213786,6.787856977,4.173958494,4.058414228,7726,689547,7590,560214,1998,-653.6443615,-775.946303,177875,-782.2636272,725459
1999,-7.034258501,-406.3986931,-41.78285771,-398.6590941,-720.6356187,713.6013602,866.9052722,314.2369256,415.9023728,678.852761,321.9765246,-279.5857908,-720.6356187,0.973918318,0.897698852,0.972377167,0.897901522,0.965480958,6214,226,5527,224,7367,1999,-44.22318599,-423.4724952,-60.69729428,-423.5385072,-720.6356187,676.4124327,783.3565404,297.1631235,246.0916131,659.9383244,297.0971114,-373.6432746,-720.6356187,0.969357317,0.833789028,0.965258207,0.834028214,0.964592114,840096,3246,690741,3232,688613,1999,-423.8636478,-531.6876464,-422.7372614,-531.8200867,-720.6356187,296.7719708,263.6331334,188.9479723,110.6746312,297.8983573,188.815532,-714.468327,-720.6356187,42.21722278,32.51346092,41.90707587,32.32473048,40.35694406,5934,3083,5865,3061,7186,1999,-671.5913082,-686.9970209,-671.0941948,-686.8790018,-714.699057,43.10774885,50.81569703,27.70203607,26.03469242,43.60486218,27.82005515,-974.0897897,-714.699057,49.50393211,47.22046025,49.45558134,47.2480333,47.82792787,565473,348031,557277,347155,548427,1999,866.9052722,783.3565404,263.6331334,50.81569703,713.6013602,676.4124327,296.7719708,43.10774885,415.9023728,246.0916131,110.6746312,26.03469242,314.2369256,297.1631235,188.9479723,27.70203607,678.852761,659.9383244,297.8983573,43.60486218,1999,6.93825091,6.899077649,4.112873671,4.030371889,7367,688613,7186,548427,1999,-643.8989268,-720.6356187,171031,-714.699057,721430
2000,121.4083202,-224.8539991,141.8603978,-221.899304,-662.474122,783.8824422,963.0479471,437.6201229,421.5343509,804.3345198,440.574818,-91.64605361,-662.474122,0.966274518,0.885841658,0.964545612,0.886830719,0.966731404,7519,291,6628,284,7028,2000,128.3166278,-339.8850033,102.2620599,-341.057302,-662.474122,790.7907499,771.02689,322.5891187,278.7126586,764.7361819,321.41682,-307.1445597,-662.474122,0.973427462,0.838961615,0.968107928,0.839222825,0.964480757,1000721,3121,739901,3102,723090,2000,-299.0224675,-418.7214577,-297.2500281,-417.4978445,-662.474122,363.4516545,292.4781673,243.7526644,147.4110274,365.224094,244.9762775,-624.7398804,-662.474122,42.60379536,30.6058375,42.03310997,30.36672867,41.14231052,7799,3803,7611,3763,6795,2000,-608.108921,-620.2702818,-607.2135386,-620.0644838,-645.6881718,37.57925078,48.3901318,25.4178899,24.75310549,38.47463321,25.62368796,-894.6326996,-645.6881718,49.61152361,47.22307383,49.5107139,47.27807771,48.15701109,592592,363234,576681,361381,551184,2000,963.0479471,771.02689,292.4781673,48.3901318,783.8824422,790.7907499,363.4516545,37.57925078,421.5343509,278.7126586,147.4110274,24.75310549,437.6201229,322.5891187,243.7526644,25.4178899,804.3345198,764.7361819,365.224094,38.47463321,2000,6.637548759,6.79240508,4.112656818,4.015658696,7028,723090,6795,551184,2000,-573.4966156,-662.474122,165477,-645.6881718,757295
2001,321.7131287,-155.6469818,329.5669764,-164.8102468,-597.0036177,918.7167463,942.5749023,441.3566358,378.0682894,926.570594,432.1933708,-66.86430343,-597.0036177,0.972663338,0.897451474,0.972815239,0.896763222,0.964313621,7366,259,6482,241,7105,2001,188.5413269,-286.9876954,122.7987194,-288.1803648,-597.0036177,785.5449446,768.6720662,310.0159222,298.0389516,719.802337,308.8232528,-238.4828957,-597.0036177,0.973981996,0.841899181,0.965638743,0.842115545,0.964367211,1067469,3222,672134,3195,736277,2001,-239.9933201,-344.7237976,-236.9992168,-340.0655387,-597.0036177,357.0102975,269.2350953,252.2798201,143.0410313,360.0044008,256.9380789,-591.295503,-597.0036177,46.25554898,34.10411765,45.24722565,33.63000904,41.95366739,6758,3400,6488,3319,6885,2001,-541.8672166,-552.582495,-540.6135137,-552.337223,-575.2852401,33.41802346,47.83969674,22.70274509,29.24441324,34.67172646,22.94801707,-816.8799951,-575.2852401,49.84832319,47.45140415,49.71714922,47.5474728,48.80152332,614293,374106,583700,370212,549853,2001,942.5749023,768.6720662,269.2350953,47.83969674,918.7167463,785.5449446,357.0102975,33.41802346,378.0682894,298.0389516,143.0410313,29.24441324,441.3566358,310.0159222,252.2798201,22.70274509,926.570594,719.802337,360.0044008,34.67172646,2001,6.730115444,6.675471302,4.227077782,3.999551151,7105,736277,6885,549853,2001,-575.418609,-597.0036177,159100,-575.2852401,769854
2002,326.1454442,-222.1146123,405.4689504,-265.200339,-534.2665319,860.4119761,858.4631007,312.1519196,442.9836026,939.7354824,269.0661929,-104.223472,-534.2665319,0.969134199,0.889999744,0.965873477,0.889344007,0.960657057,5973,218,3405,183,7044,2002,159.4131644,-246.066451,38.0073104,-246.5492476,-534.2665319,693.6796964,781.5770846,288.2000809,316.8584186,572.2738423,287.7172844,-167.349574,-534.2665319,0.968460497,0.851191283,0.945297693,0.851429716,0.967082929,799110,3122,356069,3049,771439,2002,-275.2405219,-347.1419624,-267.9912006,-338.0759029,-534.2665319,259.0260101,317.9561669,187.1245695,191.1598269,266.2753314,196.190629,-477.1085178,-534.2665319,46.75687588,33.8151546,44.59200618,33.17642883,41.51060738,5672,2943,5179,2817,6882,2002,-471.3664385,-480.0019516,-470.11158,-479.733594,-503.4641015,32.09766303,47.46551674,23.46214994,28.32578188,33.35252156,23.73050751,-740.5078803,-503.4641015,49.82763863,47.47191026,49.62204222,47.64439736,49.07237245,643346,391780,583335,382320,567191,2002,858.4631007,781.5770846,317.9561669,47.46551674,860.4119761,693.6796964,259.0260101,32.09766303,442.9836026,316.8584186,191.1598269,28.32578188,312.1519196,288.2000809,187.1245695,23.46214994,939.7354824,572.2738423,266.2753314,33.35252156,2002,6.797923369,6.656008927,4.177151517,3.96657369,7044,771439,6882,567191,2002,-453.3001682,-534.2665319,154783,-503.4641015,807550
2003,485.2744939,-188.3805658,247.0657825,-407.2419497,-490.9353563,976.2098503,844.8192217,302.5547906,336.3025693,738.0011389,83.69340668,-44.93559401,-490.9353563,0.979139187,0.890047141,0.935988731,0.872684938,0.958230565,7588,211,364,108,7088,2003,325.4920145,-179.0210003,-78.25265479,-175.4750482,-490.9353563,816.4273709,769.2254815,311.914356,311.6408999,412.6827016,315.4603082,-119.221049,-490.9353563,0.970020174,0.854447131,0.922566634,0.855639529,0.968308159,840516,3013,219115,2915,792141,2003,-125.8811913,-248.9497177,-125.2676439,-233.5084583,-490.9353563,365.054165,314.9006513,241.9856386,203.9950135,365.6677124,257.4268981,-419.6758736,-490.9353563,52.01597115,38.11425613,48.2526557,37.14702539,40.96634407,5823,2897,4801,2639,6923,2003,-410.6261806,-420.3281813,-410.676878,-420.5311598,-444.2365637,33.61038317,42.54386627,23.90838239,26.62570743,33.55968568,23.70540401,-670.4815872,-444.2365637,50.20568747,47.88911841,49.88572478,48.16131925,49.31350314,651362,396486,541736,374667,577688,2003,844.8192217,769.2254815,314.9006513,42.54386627,976.2098503,816.4273709,365.054165,33.61038317,336.3025693,311.6408999,203.9950135,26.62570743,302.5547906,311.914356,241.9856386,23.90838239,738.0011389,412.6827016,365.6677124,33.55968568,2003,6.726769985,6.676401056,4.206258676,3.934279614,7088,792141,6923,577688,2003,-495.9802483,-490.9353563,148622,-444.2365637,826811
2004,611.4532886,-217.0822662,-519.7863625,#N/A,-444.91064,1056.363929,786.7129509,227.8283737,297.5266959,-74.87572248,#N/A,-37.96359809,-444.91064,0.977372327,0.890775992,0.890335856,#N/A,0.965264621,7494,219,119,#N/A,7098,2004,250.2402586,-148.28872,-65.01904914,-150.1892987,-444.91064,695.1508985,743.5075579,296.6219199,288.4381579,379.8915908,294.7213412,-85.51530879,-444.91064,0.968708122,0.853749738,0.923372353,0.854640487,0.969329527,737044,3000,199710,2881,835677,2004,-64.21159494,-181.8681295,-76.79945456,-166.3557079,-444.91064,380.699045,312.5505561,263.0425105,215.4380816,368.1111854,278.554932,-363.5691693,-444.91064,62.81046256,42.58480208,55.03032959,40.85259516,44.50993092,9080,3461,5704,2890,6948,2004,-356.4256605,-365.8724489,-360.4331839,-366.9436564,-390.071224,33.64556355,41.05278414,24.19877509,26.46110997,29.63804016,23.12756769,-597.144828,-390.071224,50.44327997,48.06247205,49.88807838,48.48475988,49.44796293,691969,420428,489816,367320,606827,2004,786.7129509,743.5075579,312.5505561,41.05278414,1056.363929,695.1508985,380.699045,33.64556355,297.5266959,288.4381579,215.4380816,26.46110997,227.8283737,296.6219199,263.0425105,24.19877509,-74.87572248,379.8915908,368.1111854,29.63804016,2004,6.820028354,6.771880329,4.256764537,3.888529702,7098,835677,6948,606827,2004,-470.8288801,-444.91064,147622,-390.071224,870121
2005,657.4671121,-66.23316722,#N/A,#N/A,-389.3916,1046.858712,751.7735734,323.1584328,336.9706528,#N/A,#N/A,-26.63334378,-389.3916,0.978515658,0.904545205,#N/A,#N/A,0.964753501,6610,209,#N/A,#N/A,6599,2005,255.7208561,-122.6371791,-12.88900658,-115.4375757,-389.3916,645.1124561,756.7510467,266.7544209,282.6934818,376.5025934,273.9540243,-21.31178164,-389.3916,0.972974868,0.859932761,0.928791795,0.861820948,0.97138541,965486,2837,193979,2696,884858,2005,45.72437626,-79.23491329,-11.35343065,-81.06254875,-389.3916,435.1159763,311.5052195,310.1566867,197.7947154,378.0381694,308.3290513,-310.4008024,-389.3916,70.0213496,48.3264774,54.45825826,44.18564006,45.66400246,10492,3452,3330,2117,6506,2005,-289.385188,-300.9746244,-298.3544671,-302.4656776,-326.5457355,37.1605476,39.10332133,25.57111113,24.82920554,28.19126839,24.08005789,-530.2989211,-326.5457355,51.44170126,49.20318807,50.27423512,49.46436968,49.86449468,734587,445474,385257,324106,636499,2005,751.7735734,756.7510467,311.5052195,39.10332133,1046.858712,645.1124561,435.1159763,37.1605476,336.9706528,282.6934818,197.7947154,24.82920554,323.1584328,266.7544209,310.1566867,25.57111113,#N/A,376.5025934,378.0381694,28.19126839,2005,6.962027205,6.913530978,4.325974676,3.873172969,6599,884858,6506,636499,2005,-367.5178179,-389.3916,147765,-326.5457355,918981
2006,389.3167739,-41.67165363,#N/A,#N/A,-323.3474398,712.6642137,805.2334669,281.6757862,378.8933278,#N/A,#N/A,100.2719246,-323.3474398,0.978664853,0.903026772,#N/A,#N/A,0.967453331,5476,185,#N/A,#N/A,6947,2006,237.495179,-40.41288464,108.2125084,-26.71214435,-323.3474398,560.8426188,767.347416,282.9345552,283.0201612,431.5599483,296.6352955,51.28528469,-323.3474398,0.962448984,0.861392549,0.930684384,0.866263921,0.972792445,750996,3037,120040,2377,915643,2006,65.52397001,4.355227122,35.20934705,18.39780998,-323.3474398,388.8714098,286.0087803,327.7026669,186.6239611,358.5567869,341.7452498,-275.5564707,-323.3474398,73.43451177,55.02779903,57.91382869,51.86742694,47.57891663,12361,3921,1938,1403,6849,2006,-220.4335482,-231.0037283,-224.5859097,-225.6439377,-256.8187118,36.38516357,36.1568574,25.81498347,23.38349828,32.23280212,31.17477411,-466.7383448,-256.8187118,51.23592307,49.03381138,49.65744119,49.43084308,49.97671108,759345,462714,220079,213941,665853,2006,805.2334669,767.347416,286.0087803,36.1568574,712.6642137,560.8426188,388.8714098,36.38516357,378.8933278,283.0201612,186.6239611,23.38349828,281.6757862,282.9345552,327.7026669,25.81498347,#N/A,431.5599483,358.5567869,32.23280212,2006,6.733134527,6.837644215,4.237465883,3.836313428,6947,915643,6849,665853,2006,-276.3328614,-323.3474398,147453,-256.8187118,951037
2007,280.9835727,47.39440277,#N/A,#N/A,-287.6708564,568.6544291,859.2982493,335.0652592,389.7313585,#N/A,#N/A,203.9734613,-287.6708564,0.974262494,0.906983863,#N/A,#N/A,0.970708202,4415,189,#N/A,#N/A,7100,2007,194.0727055,14.80636446,-235.8980054,-76.08051006,-287.6708564,481.7435619,753.4539998,302.4772209,306.9105523,51.77285094,211.5903463,104.7967341,-287.6708564,0.958314059,0.856765918,0.836805921,0.837372602,0.973635179,715125,2780,454,118,950584,2007,212.2875507,146.2772394,#N/A,#N/A,-287.6708564,499.9584071,333.6432174,433.9480958,215.9592789,#N/A,#N/A,-166.670155,-287.6708564,73.93905356,60.17100694,#N/A,#N/A,52.00643593,9615,3456,#N/A,#N/A,6992,2007,-162.9336809,-171.6483177,-155.7155145,-156.6025979,-195.8252617,32.8915807,34.65130408,24.17694388,22.93354729,40.10974711,39.22266369,-401.8806189,-195.8252617,50.47030225,48.66411665,50.67628889,50.52521343,50.37798025,765563,478297,8903,8785,695203,2007,859.2982493,753.4539998,333.6432174,34.65130408,568.6544291,481.7435619,499.9584071,32.8915807,389.7313585,306.9105523,215.9592789,22.93354729,335.0652592,302.4772209,433.9480958,24.17694388,#N/A,51.77285094,#N/A,40.10974711,2007,6.928109437,6.696764552,4.104100981,3.78145187,7100,950584,6992,695203,2007,-230.954115,-287.6708564,144848,-195.8252617,986102
2008,436.5621649,137.9556187,#N/A,#N/A,-240.8203655,677.3825304,883.2704465,378.7759843,219.798517,#N/A,#N/A,269.5943007,-240.8203655,0.974995341,0.907781826,#N/A,#N/A,0.973192304,4560,257,#N/A,#N/A,8595,2008,305.6565114,106.2698318,#N/A,#N/A,-240.8203655,546.476877,736.132607,347.0901973,281.204546,#N/A,#N/A,142.2163697,-240.8203655,0.958444969,0.844045256,#N/A,#N/A,0.974611767,607915,2724,#N/A,#N/A,1023203,2008,257.8281006,201.1103816,#N/A,#N/A,-240.8203655,498.6484661,348.1638293,441.9307471,222.3326746,#N/A,#N/A,-85.41575304,-240.8203655,75.0795264,65.79866489,#N/A,#N/A,60.73800564,9544,3745,#N/A,#N/A,8504,2008,-111.2559567,-119.5987393,#N/A,#N/A,-143.0883544,31.83239766,34.13780581,23.48961507,23.10658082,#N/A,#N/A,-336.5451592,-143.0883544,49.47870548,47.90709405,#N/A,#N/A,50.67701846,770879,499785,#N/A,#N/A,742287,2008,883.2704465,736.132607,348.1638293,34.13780581,677.3825304,546.476877,498.6484661,31.83239766,219.798517,281.204546,222.3326746,23.10658082,378.7759843,347.0901973,441.9307471,23.48961507,#N/A,#N/A,#N/A,#N/A,2008,7.290068761,6.814306125,3.877541704,3.753569499,8595,1023203,8504,742287,2008,-318.0816495,-240.8203655,147717,-143.0883544,1059497
2009,485.2737706,253.0764852,#N/A,#N/A,-179.3492281,664.6229987,852.7628241,432.4257132,344.6053089,#N/A,#N/A,318.6997096,-179.3492281,0.979486101,0.928281501,#N/A,#N/A,0.975554761,7924,291,#N/A,#N/A,10072,2009,308.1636355,161.7910754,#N/A,#N/A,-179.3492281,487.5128636,715.5824628,341.1403035,303.3665826,#N/A,#N/A,174.5353737,-179.3492281,0.956830162,0.840302123,#N/A,#N/A,0.974532772,598725,2778,#N/A,#N/A,1082205,2009,354.1954975,288.1724551,#N/A,#N/A,-179.3492281,533.5447255,373.5316631,467.5216831,280.2666442,#N/A,#N/A,-6.168295124,-179.3492281,77.29628956,70.66132776,#N/A,#N/A,67.91779729,10996,4308,#N/A,#N/A,10024,2009,-58.32645001,-68.93836568,#N/A,#N/A,-93.42225012,35.09580007,34.41329976,24.4838844,25.18509908,#N/A,#N/A,-270.8049579,-93.42225012,48.31017016,46.82044026,#N/A,#N/A,50.96012156,741119,507107,#N/A,#N/A,786766,2009,852.7628241,715.5824628,373.5316631,34.41329976,664.6229987,487.5128636,533.5447255,35.09580007,344.6053089,303.3665826,280.2666442,25.18509908,432.4257132,341.1403035,467.5216831,24.4838844,#N/A,#N/A,#N/A,#N/A,2009,6.887574148,6.879592047,3.853247483,3.716859513,10072,1082205,10024,786766,2009,-120.6795225,-179.3492281,148103,-93.42225012,1118689
2010,594.1291131,357.4482334,#N/A,#N/A,-107.622654,701.751767,805.0486789,465.0708874,347.3150542,#N/A,#N/A,394.7036027,-107.622654,0.953862228,0.886977779,#N/A,#N/A,0.979039711,18594,364,#N/A,#N/A,11989,2010,430.6885357,266.9932137,#N/A,#N/A,-107.622654,538.3111896,699.3524293,374.6158677,313.6070909,#N/A,#N/A,236.9514862,-107.622654,0.919194021,0.826636398,#N/A,#N/A,0.974287402,617012,2884,#N/A,#N/A,1131051,2010,394.7772413,318.4992903,#N/A,#N/A,-107.622654,502.3998953,439.421907,426.1219443,358.0422666,#N/A,#N/A,112.2250611,-107.622654,78.12521037,73.81991373,#N/A,#N/A,75.20227349,14855,5564,#N/A,#N/A,11964,2010,5.996622654,-6.920520166,#N/A,#N/A,-27.33228115,33.3289038,36.84737631,20.41176098,28.64762871,#N/A,#N/A,-205.1001404,-27.33228115,46.73653296,45.14459422,#N/A,#N/A,50.9971492,654097,477239,#N/A,#N/A,826784,2010,805.0486789,699.3524293,439.421907,36.84737631,701.751767,538.3111896,502.3998953,33.3289038,347.3150542,313.6070909,358.0422666,28.64762871,465.0708874,374.6158677,426.1219443,20.41176098,#N/A,#N/A,#N/A,#N/A,2010,5.357884244,6.349344019,3.859928405,3.663215852,11989,1131051,11964,826784,2010,-8.576326324,-107.622654,144282,-27.33228115,1165394
2011,899.8799076,723.5307816,#N/A,#N/A,-44.50957917,944.3894868,907.1345227,768.0403608,487.6921458,#N/A,#N/A,595.9598029,-44.50957917,0.792269093,0.78347928,#N/A,#N/A,0.98129278,12299,365,#N/A,#N/A,14408,2011,740.771108,520.8590746,#N/A,#N/A,-44.50957917,785.2806872,673.2578652,565.3686537,334.5593558,#N/A,#N/A,286.9765891,-44.50957917,0.787662123,0.778351726,#N/A,#N/A,0.974531754,419033,2694,#N/A,#N/A,1178962,2011,567.4078252,477.5898129,#N/A,#N/A,-44.50957917,611.9174044,496.176055,522.0993921,455.8252435,#N/A,#N/A,228.9271901,-44.50957917,78.37391159,76.01208865,#N/A,#N/A,78.29783983,11944,4467,#N/A,#N/A,14397,2011,62.02944164,43.50717353,#N/A,#N/A,27.2984634,34.73097824,38.30436065,16.20871014,29.96918742,#N/A,#N/A,-143.5432788,27.2984634,45.43320642,43.83266096,#N/A,#N/A,50.47011575,487996,393136,#N/A,#N/A,864636,2011,907.1345227,673.2578652,496.176055,38.30436065,944.3894868,785.2806872,611.9174044,34.73097824,487.6921458,334.5593558,455.8252435,29.96918742,768.0403608,565.3686537,522.0993921,16.20871014,#N/A,#N/A,#N/A,#N/A,2011,4.517517647,5.906946272,3.689962597,3.608689451,14408,1178962,14397,864636,2011,211.4765088,-44.50957917,138963,27.2984634,1212527
2012,887.9770071,654.3543313,#N/A,#N/A,19.01255397,868.9644531,676.5399697,635.3417773,468.0367866,#N/A,#N/A,486.5830797,19.01255397,0.775536824,0.774267769,#N/A,#N/A,0.969225078,11602,321,#N/A,#N/A,19919,2012,663.0671625,512.8299096,#N/A,#N/A,19.01255397,644.0546085,628.7326289,493.8173556,354.0924833,#N/A,#N/A,316.3865725,19.01255397,0.775424553,0.770719959,#N/A,#N/A,0.968416419,195443,2458,#N/A,#N/A,1376951,2012,522.0104455,479.1702131,#N/A,#N/A,19.01255397,502.9978916,501.4537129,460.1576591,446.8601642,#N/A,#N/A,313.4497016,19.01255397,77.29828119,75.5483249,#N/A,#N/A,78.63712677,10356,4149,#N/A,#N/A,19894,2012,92.28571865,76.29494829,#N/A,#N/A,62.15996518,30.12575347,35.32201564,14.13498311,26.59398239,#N/A,#N/A,-85.2990484,62.15996518,37.55982447,35.76842983,#N/A,#N/A,48.88080448,331102,309254,#N/A,#N/A,917610,2012,676.5399697,628.7326289,501.4537129,35.32201564,868.9644531,644.0546085,502.9978916,30.12575347,468.0367866,354.0924833,446.8601642,26.59398239,635.3417773,493.8173556,460.1576591,14.13498311,#N/A,#N/A,#N/A,#N/A,2012,3.454664629,5.600449335,3.330518139,3.573999601,19919,1376951,19894,917610,2012,266.7786492,19.01255397,126069,62.15996518,1422601
2013,1206.08822,#N/A,#N/A,#N/A,173.5023882,1032.585832,856.4002658,#N/A,648.356954,#N/A,#N/A,756.5368028,173.5023882,0.768109089,#N/A,#N/A,#N/A,0.880882869,1502,#N/A,#N/A,#N/A,16906,2013,1010.099185,775.7959289,#N/A,#N/A,173.5023882,836.5967969,681.6139064,602.2935407,482.2695788,#N/A,#N/A,436.1855496,173.5023882,0.768567859,0.763254788,#N/A,#N/A,0.936334763,4525,255,#N/A,#N/A,1199755,2013,767.482008,703.9392191,#N/A,#N/A,173.5023882,593.9796198,556.1692821,530.4368309,480.4682482,#N/A,#N/A,448.2755689,173.5023882,74.75737705,73.48927477,#N/A,#N/A,78.23924779,2440,979,#N/A,#N/A,16857,2013,229.2161473,189.6099955,#N/A,#N/A,150.0707033,79.14544396,32.58163709,39.53929222,18.48626224,#N/A,#N/A,-29.52396059,150.0707033,30.05556939,26.97976106,#N/A,#N/A,47.19509552,36153,33648,#N/A,#N/A,830506,2013,856.4002658,681.6139064,556.1692821,32.58163709,1032.585832,836.5967969,593.9796198,79.14544396,648.356954,482.2695788,480.4682482,18.48626224,#N/A,602.2935407,530.4368309,39.53929222,#N/A,#N/A,#N/A,#N/A,2013,2.844619518,5.40314402,3.015088835,3.543614753,16906,1199755,16857,830506,2013,543.3935118,173.5023882,62757,150.0707033,1244011
2014,#N/A,#N/A,#N/A,#N/A,250.4618896,#N/A,905.2779421,#N/A,672.3272809,#N/A,#N/A,888.144282,250.4618896,#N/A,#N/A,#N/A,#N/A,0.797534206,#N/A,#N/A,#N/A,#N/A,17671,2014,#N/A,#N/A,#N/A,#N/A,250.4618896,#N/A,732.8489613,#N/A,517.2815466,#N/A,#N/A,556.1028442,250.4618896,#N/A,#N/A,#N/A,#N/A,0.894963702,#N/A,#N/A,#N/A,#N/A,1066790,2014,#N/A,#N/A,#N/A,#N/A,250.4618896,#N/A,543.6422019,#N/A,473.5322677,#N/A,#N/A,521.7700168,250.4618896,#N/A,#N/A,#N/A,#N/A,77.30592572,#N/A,#N/A,#N/A,#N/A,17635,2014,#N/A,#N/A,#N/A,#N/A,235.0190572,#N/A,29.48654929,#N/A,14.56902296,#N/A,#N/A,23.87438704,235.0190572,#N/A,#N/A,#N/A,#N/A,43.49761373,#N/A,#N/A,#N/A,#N/A,804604,2014,905.2779421,732.8489613,543.6422019,29.48654929,#N/A,#N/A,#N/A,#N/A,672.3272809,517.2815466,473.5322677,14.56902296,#N/A,#N/A,#N/A,#N/A,#N/A,#N/A,#N/A,#N/A,2014,2.612046303,5.209772823,2.763978749,3.42361921,17671,1066790,17635,804604,2014,651.0276667,250.4618896,62720,235.0190572,1103186
2015,#N/A,#N/A,#N/A,#N/A,406.3306873,#N/A,1071.167855,#N/A,#N/A,#N/A,#N/A,1141.539321,406.3306873,#N/A,#N/A,#N/A,#N/A,0.77838289,#N/A,#N/A,#N/A,#N/A,2047,2015,#N/A,#N/A,#N/A,#N/A,406.3306873,#N/A,776.4830002,#N/A,603.8003453,#N/A,#N/A,650.356083,406.3306873,#N/A,#N/A,#N/A,#N/A,0.86996189,#N/A,#N/A,#N/A,#N/A,92625,2015,#N/A,#N/A,#N/A,#N/A,406.3306873,#N/A,582.0761559,#N/A,495.0643008,#N/A,#N/A,645.7918883,406.3306873,#N/A,#N/A,#N/A,#N/A,75.70053737,#N/A,#N/A,#N/A,#N/A,2047,2015,#N/A,#N/A,#N/A,#N/A,297.6934711,#N/A,59.40999959,#N/A,28.2879827,#N/A,#N/A,93.32039118,297.6934711,#N/A,#N/A,#N/A,#N/A,35.85633123,#N/A,#N/A,#N/A,#N/A,74630,2015,1071.167855,776.4830002,582.0761559,59.40999959,#N/A,#N/A,#N/A,#N/A,#N/A,603.8003453,495.0643008,28.2879827,#N/A,#N/A,#N/A,#N/A,#N/A,#N/A,#N/A,#N/A,2015,2.381610524,4.948636168,2.604014422,3.428547735,2047,92625,2047,74630,2015,#N/A,406.3306873,4223,297.6934711,94850
