yob1,W_HO_PTA_p_SB,UW_HO_PTA_p_SB,T_W_HO_PTA_p_SB,T_UW_HO_PTA_p_SB,HO_ptap_RegCow_1,W_HO_SD_p_SB,W_BY1_HO_SD_p_SB,UW_HO_SD_p_SB,UW_BY1_HO_SD_p_SB,T_W_HO_SD_p_SB,T_UW_HO_SD_p_SB,W_BY1_HO_PTA_p_SB,HO_ptap_RegCow_4,W_HO_REL_p_SB,UW_HO_REL_p_SB,T_W_HO_REL_p_SB,T_UW_HO_REL_p_SB,W_BY1_HO_REL_p_SB,W_HO_NUM_PTA_SB,UW_HO_NUM_PTA_SB,T_W_HO_NUM_PTA_SB,T_UW_HO_NUM_PTA_SB,W_BY1_HO_NUM_PTA_SB,yob2,W_HO_PTA_p_SC,UW_HO_PTA_p_SC,T_W_HO_PTA_p_SC,T_UW_HO_PTA_p_SC,HO_ptap_RegCow_2,W_HO_SD_p_SC,W_BY1_HO_SD_p_SC,UW_HO_SD_p_SC,UW_BY1_HO_SD_p_SC,T_W_HO_SD_p_SC,T_UW_HO_SD_p_SC,W_BY1_HO_PTA_p_SC,HO_ptap_RegCow_5,W_HO_REL_p_SC,UW_HO_REL_p_SC,T_W_HO_REL_p_SC,T_UW_HO_REL_p_SC,W_BY1_HO_REL_p_SC,W_HO_NUM_PTA_SC,UW_HO_NUM_PTA_SC,T_W_HO_NUM_PTA_SC,T_UW_HO_NUM_PTA_SC,W_BY1_HO_NUM_PTA_SC,yob3,W_HO_PTA_p_DB,UW_HO_PTA_p_DB,T_W_HO_PTA_p_DB,T_UW_HO_PTA_p_DB,HO_ptap_RegCow_3,W_HO_SD_p_DB,W_BY1_HO_SD_p_DB,UW_HO_SD_p_DB,UW_BY1_HO_SD_p_DB,T_W_HO_SD_p_DB,T_UW_HO_SD_p_DB,W_BY1_HO_PTA_p_DB,HO_ptap_RegCow_6,W_HO_REL_p_DB,UW_HO_REL_p_DB,T_W_HO_REL_p_DB,T_UW_HO_REL_p_DB,W_BY1_HO_REL_p_DB,W_HO_NUM_PTA_DB,UW_HO_NUM_PTA_DB,T_W_HO_NUM_PTA_DB,T_UW_HO_NUM_PTA_DB,W_BY1_HO_NUM_PTA_DB,yob4,W_HO_PTA_p_DC,UW_HO_PTA_p_DC,T_W_HO_PTA_p_DC,T_UW_HO_PTA_p_DC,HO_ptap_AllCow_1,W_HO_SD_p_DC,W_BY1_HO_SD_p_DC,UW_HO_SD_p_DC,UW_BY1_HO_SD_p_DC,T_W_HO_SD_p_DC,T_UW_HO_SD_p_DC,W_BY1_HO_PTA_p_DC,HO_ptap_AllCow_2,W_HO_REL_p_DC,UW_HO_REL_p_DC,T_W_HO_REL_p_DC,T_UW_HO_REL_p_DC,W_BY1_HO_REL_p_DC,W_HO_NUM_PTA_DC,UW_HO_NUM_PTA_DC,T_W_HO_NUM_PTA_DC,T_UW_HO_NUM_PTA_DC,W_BY1_HO_NUM_PTA_DC,yob5,W_BY1_HO_SD_p_SB_1,W_BY1_HO_SD_p_SC_1,W_BY1_HO_SD_p_DB_1,W_BY1_HO_SD_p_DC_1,W_HO_SD_p_SB_1,W_HO_SD_p_SC_1,W_HO_SD_p_DB_1,W_HO_SD_p_DC_1,UW_BY1_HO_SD_p_SB_1,UW_BY1_HO_SD_p_SC_1,UW_BY1_HO_SD_p_DB_1,UW_BY1_HO_SD_p_DC_1,UW_HO_SD_p_SB_1,UW_HO_SD_p_SC_1,UW_HO_SD_p_DB_1,UW_HO_SD_p_DC_1,T_W_HO_SD_p_SB_1,T_W_HO_SD_p_SC_1,T_W_HO_SD_p_DB_1,T_W_HO_SD_p_DC_1,yob6,GenInt_SB,GenInt_SC,GenInt_DB,GenInt_DC,nGI_SB,nGI_SC,nGI_DB,nGI_DC,yob7,UW_BY1_HO_PTA_p_SB,HO_ptap_RegCow_7,HO_nump_RegCow,HO_ptap_AllCow_3,HO_nump_AllCow
1975,-43.16240486,-65.47193505,-43.16240486,-65.47193505,-68.89313505,25.73073019,#N/A,3.42120001,#N/A,25.73073019,3.42120001,#N/A,-68.89313505,0.981390915,0.877613377,0.981390915,0.877613377,#N/A,2825,176,2825,176,#N/A,1975,-56.31642051,-71.45979781,-56.31484502,-71.45979781,-68.89313505,12.57671454,3.254093315,-2.566662752,#N/A,12.57829004,-2.566662752,-64.84053265,-68.89313505,0.950046077,0.713550718,0.950068453,0.713550718,0.818174935,524382,2650,524038,2650,137,1975,-65.4474095,-68.07203494,-65.4474095,-68.07203494,-68.89313505,3.445725557,#N/A,0.82110011,#N/A,3.445725557,0.82110011,#N/A,-68.89313505,64.0472596,58.67407407,64.0472596,58.67407407,#N/A,3047,2160,3047,2160,#N/A,1975,-76.43929565,-77.25790075,-76.43923372,-77.25797093,-77.88612265,1.446827008,0.515027199,0.628221908,-0.008574337,1.446888927,0.628151722,-69.69200117,-77.88612265,40.2911811,36.69118195,40.29182197,36.69148357,36.53713528,444840,238953,444826,238950,754,1975,#N/A,3.254093315,#N/A,0.515027199,25.73073019,12.57671454,3.445725557,1.446827008,#N/A,#N/A,#N/A,-0.008574337,3.42120001,-2.566662752,0.82110011,0.628221908,25.73073019,12.57829004,3.445725557,1.446888927,1975,#N/A,-0.429942495,#N/A,-3.937505106,#N/A,137,#N/A,754,1975,#N/A,-68.89313505,1629,-77.88612265,456398
1976,-47.9943194,-63.29869649,-47.9943194,-63.29869649,-67.88916357,19.89484416,#N/A,4.590467074,#N/A,19.89484416,4.590467074,#N/A,-67.88916357,0.980216859,0.879004994,0.980216859,0.879004994,#N/A,2948,191,2948,191,#N/A,1976,-52.09218639,-69.83386615,-52.09008805,-69.83386615,-67.88916357,15.79697718,-1.71437733,-1.944702581,#N/A,15.79907552,-1.944702581,-70.36236913,-67.88916357,0.959561388,0.729264379,0.959592511,0.729264379,0.730979547,762753,3046,762408,3046,939,1976,-63.64900392,-66.50256149,-63.64900392,-66.50256149,-67.88916357,4.240159647,#N/A,1.386602076,#N/A,4.240159647,1.386602076,#N/A,-67.88916357,63.31095176,58.60386029,63.31095176,58.60386029,#N/A,3068,2176,3068,2176,#N/A,1976,-74.67401252,-75.54776993,-74.67405304,-75.54776491,-76.21962098,1.545608458,0.465604048,0.671851045,-0.336961008,1.545567935,0.671856063,-72.39955518,-76.21962098,41.60377355,37.98364237,41.60412564,37.98393305,36.83039058,482888,261346,482883,261344,1869,1976,#N/A,-1.71437733,#N/A,0.465604048,19.89484416,15.79697718,4.240159647,1.545608458,#N/A,#N/A,#N/A,-0.336961008,4.590467074,-1.944702581,1.386602076,0.671851045,19.89484416,15.79907552,4.240159647,1.545567935,1976,#N/A,1.358457998,#N/A,-1.351099334,#N/A,939,#N/A,1869,1976,#N/A,-67.88916357,2109,-76.21962098,493963
1977,-46.28495713,-60.77613373,-46.28495713,-60.77613373,-65.95630094,19.67134381,#N/A,5.180167198,#N/A,19.67134381,5.180167198,#N/A,-65.95630094,0.980620431,0.891329235,0.980620431,0.891329235,#N/A,2594,173,2594,173,#N/A,1977,-53.42490444,-67.51436739,-53.42235031,-67.51436739,-65.95630094,12.5313965,-0.308575881,-1.558066451,-5.060511774,12.53395063,-1.558066451,-69.15012761,-65.95630094,0.952930029,0.737365906,0.952969974,0.737365906,0.78631708,617172,3231,616693,3231,31849,1977,-61.72606937,-64.56594454,-61.72606937,-64.56594454,-65.95630094,4.230231573,-1.430458137,1.390356391,-4.056336993,4.230231573,1.390356391,-70.31761717,-65.95630094,63.39619274,58.33022637,63.39619274,58.33022637,58.3452381,3362,2253,3362,2253,168,1977,-72.59234159,-73.49110205,-72.59237296,-73.4910671,-74.18042704,1.588085441,0.316529639,0.689324981,-1.164379719,1.588054076,0.689359925,-77.33203793,-74.18042704,43.19683275,39.48238094,43.19673767,39.48236511,39.46959997,523988,285316,523982,285315,61546,1977,#N/A,-0.308575881,-1.430458137,0.316529639,19.67134381,12.5313965,4.230231573,1.588085441,#N/A,-5.060511774,-4.056336993,-1.164379719,5.180167198,-1.558066451,1.390356391,0.689324981,19.67134381,12.53395063,4.230231573,1.588054076,1977,#N/A,2.215714558,2.266321176,2.129637675,#N/A,31849,168,61546,1977,#N/A,-65.95630094,2422,-74.18042704,533358
1978,-38.35675524,-63.09395507,-38.35675524,-63.09395507,-65.29367487,26.93691962,#N/A,2.199719795,#N/A,26.93691962,2.199719795,#N/A,-65.29367487,0.980479552,0.887376813,0.980479552,0.887376813,#N/A,3981,122,3981,122,#N/A,1978,-48.8223902,-65.7633313,-48.81434487,-65.76347716,-65.29367487,16.47128467,-1.033397789,-0.469656438,-4.595091107,16.47933,-0.469802294,-69.36658954,-65.29367487,0.946398065,0.74367744,0.946441409,0.743694993,0.790150147,492968,3059,492394,3058,71684,1978,-60.39674552,-63.15300519,-60.39674552,-63.15300519,-65.29367487,4.89692935,0.115399084,2.140669679,-1.597419499,4.89692935,2.140669679,-68.4620857,-65.29367487,61.37516383,56.27338476,61.37516383,56.27338476,59.55375254,3052,2074,3052,2074,493,1978,-70.41560811,-71.36707771,-70.41548579,-71.36707771,-72.13649241,1.720884303,0.493799666,0.769414698,-0.741492989,1.721006623,0.769414698,-76.5576181,-72.13649241,44.33629064,40.74269307,44.33626532,40.74269307,39.65379158,538891,298826,538884,298826,159973,1978,#N/A,-1.033397789,0.115399084,0.493799666,26.93691962,16.47128467,4.89692935,1.720884303,#N/A,-4.595091107,-1.597419499,-0.741492989,2.199719795,-0.469656438,2.140669679,0.769414698,26.93691962,16.47933,4.89692935,1.721006623,1978,#N/A,2.536347085,2.813810875,2.621380072,#N/A,71684,493,159973,1978,#N/A,-65.29367487,2611,-72.13649241,563020
1979,-38.32839292,-58.97902379,-38.32839292,-58.97902379,-63.78215432,25.4537614,-3.213068856,4.803130529,#N/A,25.4537614,4.803130529,-70.78748986,-63.78215432,0.985024818,0.904171931,0.985024818,0.904171931,0.857238577,5588,151,5588,151,134,1979,-46.21682812,-63.27468489,-46.20758893,-63.27468489,-63.78215432,17.5653262,-0.870607639,0.507469428,-3.333432687,17.57456539,0.507469428,-68.11502593,-63.78215432,0.959001816,0.758723491,0.959073365,0.758723491,0.801289642,712945,3283,712298,3283,100234,1979,-58.88626251,-61.96673888,-58.88626251,-61.96673888,-63.78215432,4.895891813,1.228038148,1.815415441,-0.364627163,4.895891813,1.815415441,-66.71666375,-63.78215432,56.54789272,52.83230089,56.54789272,52.83230089,60.72873346,3393,2260,3393,2260,1058,1979,-68.27879413,-69.24290757,-68.27876643,-69.24292545,-70.13678968,1.857995552,0.691427907,0.893882111,-0.240114069,1.858023258,0.893864231,-75.35965794,-70.13678968,45.43402289,41.98467376,45.43401392,41.98468305,40.21726098,572062,321018,572060,321017,268884,1979,-3.213068856,-0.870607639,1.228038148,0.691427907,25.4537614,17.5653262,4.895891813,1.857995552,#N/A,-3.333432687,-0.364627163,-0.240114069,4.803130529,0.507469428,1.815415441,0.893882111,25.4537614,17.57456539,4.895891813,1.858023258,1979,3.00693657,2.771164974,3.311738471,3.030908662,134,100234,1058,268884,1979,#N/A,-63.78215432,3145,-70.13678968,624359
1980,-35.46557567,-55.55203106,-35.46557567,-55.55203106,-62.65394302,27.18836735,-1.585282515,7.101911963,#N/A,27.18836735,7.101911963,-68.42654129,-62.65394302,0.98189508,0.920746869,0.98189508,0.920746869,0.860341622,3783,174,3783,174,117,1980,-45.63755579,-61.25325884,-45.63500978,-61.25325884,-62.65394302,17.01638723,-0.26256548,1.400684185,-2.453794476,17.01893325,1.400684185,-66.52375912,-62.65394302,0.960921037,0.772699058,0.960939908,0.772699058,0.812925995,739128,3249,738843,3249,116238,1980,-57.77704079,-60.96736943,-57.77704079,-60.96736943,-62.65394302,4.876902238,2.763076749,1.686573594,1.031029052,4.876902238,1.686573594,-64.63904369,-62.65394302,57.7197084,51.81548117,57.7197084,51.81548117,62.82818792,3978,2390,3978,2390,1490,1980,-66.37463975,-67.39955851,-66.37463527,-67.39959603,-68.30112092,1.926481163,0.853240312,0.901562405,0.118842239,1.926485652,0.901524889,-73.96012089,-68.30112092,46.23035025,42.74184226,46.23028835,42.74185309,41.06105283,607705,345684,607699,345683,369860,1980,-1.585282515,-0.26256548,2.763076749,0.853240312,27.18836735,17.01638723,4.876902238,1.926481163,#N/A,-2.453794476,1.031029052,0.118842239,7.101911963,1.400684185,1.686573594,0.901562405,27.18836735,17.01893325,4.876902238,1.926485652,1980,3.37305557,2.974309348,3.860558871,3.378656808,117,116238,1490,369860,1980,#N/A,-62.65394302,4318,-68.30112092,690506
1981,-29.67935693,-48.81919741,-29.67935693,-48.81919741,-59.69486208,30.01550514,3.017599172,10.87566467,#N/A,30.01550514,10.87566467,-64.0971378,-59.69486208,0.987333904,0.92180208,0.987333904,0.92180208,0.92919976,7476,172,7476,172,200,1981,-36.37309233,-58.40916149,-36.37032283,-58.40916149,-59.69486208,23.32176974,1.636126412,1.285700591,-0.704089899,23.32453924,1.285700591,-64.06084921,-59.69486208,0.966328713,0.777291826,0.966340009,0.777291826,0.848300829,846894,3150,846505,3150,146493,1981,-52.54078991,-57.48343181,-52.54078991,-57.48343181,-59.69486208,7.154072168,3.600887812,2.211430257,1.662903126,7.154072168,2.211430257,-63.08072311,-59.69486208,59.81272284,50.89095287,59.81272284,50.89095287,64.38108108,5329,2907,5329,2907,1850,1981,-64.19118518,-65.32945126,-64.19117692,-65.329464,-66.35665395,2.165468759,1.12417264,1.027202687,0.367532309,2.165477022,1.027189942,-72.27085416,-66.35665395,47.07580932,43.58997179,47.07575413,43.59006313,42.35334965,624633,358768,624626,358765,454346,1981,3.017599172,1.636126412,3.600887812,1.12417264,30.01550514,23.32176974,7.154072168,2.165468759,#N/A,-0.704089899,1.662903126,0.367532309,10.87566467,1.285700591,2.211430257,1.027202687,30.01550514,23.32453924,7.154072168,2.165477022,1981,4.793086927,3.559783728,4.310019424,3.657165638,200,146493,1850,454346,1981,#N/A,-59.69486208,5944,-66.35665395,738224
1982,-32.70610742,-46.88163898,-32.70610742,-46.88163898,-57.68483463,24.97872721,13.2951021,10.80319565,#N/A,24.97872721,10.80319565,-54.23114022,-57.68483463,0.966687631,0.910229625,0.966687631,0.910229625,0.96768646,3460,174,3460,174,549,1982,-36.75064341,-56.36887453,-36.74039247,-56.36887453,-57.68483463,20.93419122,6.472325575,1.315960096,-0.094138756,20.94444216,1.315960096,-59.60463708,-57.68483463,0.965676111,0.785340672,0.96571739,0.785340672,0.90420503,837707,3168,837170,3168,242005,1982,-50.81738251,-55.52327745,-50.81738251,-55.52327745,-57.68483463,6.867452119,4.980351342,2.161557176,3.241597068,6.867452119,2.161557176,-61.07227911,-57.68483463,56.46531101,47.94998387,56.46531101,47.94998387,66.83398864,5852,3099,5852,3099,2289,1982,-62.52471361,-63.71359811,-62.52467646,-63.71359811,-64.82787052,2.303156918,1.360953326,1.114272407,0.651533421,2.303194072,1.114272407,-70.54279268,-64.82787052,47.67504767,44.26397124,47.67476382,44.26397124,43.68616461,625701,362441,625693,362441,517405,1982,13.2951021,6.472325575,4.980351342,1.360953326,24.97872721,20.93419122,6.867452119,2.303156918,#N/A,-0.094138756,3.241597068,0.651533421,10.80319565,1.315960096,2.161557176,1.114272407,24.97872721,20.94444216,6.867452119,2.303194072,1982,5.976723281,4.87066799,4.760351041,3.891221546,549,242005,2289,517405,1982,#N/A,-57.68483463,7623,-64.82787052,764573
1983,-28.05573801,-48.5877474,-28.05573801,-48.5877474,-57.12661197,29.07087396,20.16806114,8.538864576,3.772897615,29.07087396,8.538864576,-47.52797552,-57.12661197,0.986612947,0.920440916,0.986612947,0.920440916,0.982246789,7042,136,7042,136,1344,1983,-35.14470141,-54.96449599,-35.14181089,-54.96449599,-57.12661197,21.98191057,10.42354796,2.16211598,0.376092307,21.98480109,2.16211598,-55.60115271,-57.12661197,0.960344433,0.785331134,0.960356255,0.785331134,0.934793693,637208,3063,636891,3063,375061,1983,-50.23019183,-55.02865577,-50.23019183,-55.02865577,-57.12661197,6.896420148,6.738134419,2.097956207,4.167510187,6.896420148,2.097956207,-58.24017386,-57.12661197,51.24845419,43.41483871,51.24845419,43.41483871,68.58243513,5337,3100,5337,3100,2505,1983,-60.69923187,-61.85785587,-60.69932837,-61.85785587,-63.00979926,2.310567377,1.558129353,1.15194339,0.746011183,2.310470878,1.15194339,-68.70722398,-63.00979926,48.08109523,44.80358663,48.0808847,44.80358663,44.7538583,634168,369929,634162,369929,565987,1983,20.16806114,10.42354796,6.738134419,1.558129353,29.07087396,21.98191057,6.896420148,2.310567377,3.772897615,0.376092307,4.167510187,0.746011183,8.538864576,2.16211598,2.097956207,1.15194339,29.07087396,21.98480109,6.896420148,2.310470878,1983,7.012104397,5.904910537,5.043458873,4.028001054,1344,375061,2505,565987,1983,-61.09241235,-57.12661197,8714,-63.00979926,779237
1984,-27.24880225,-45.66914483,-27.24880225,-45.66914483,-56.41742559,29.16862334,18.18975184,10.74828076,4.864608849,29.16862334,10.74828076,-48.85435452,-56.41742559,0.973864333,0.90465814,0.973864333,0.90465814,0.979429368,2673,161,2673,161,1385,1984,-36.3889039,-54.12480766,-36.3880761,-54.12480766,-56.41742559,20.02852169,11.78922738,2.292617935,1.420986719,20.02934949,2.292617935,-53.61363534,-56.41742559,0.958148737,0.788597326,0.958162431,0.788597326,0.949065713,607049,3116,606751,3116,480920,1984,-50.8661401,-54.44008128,-50.8661401,-54.44008128,-56.41742559,5.551285482,7.621650582,1.977344313,4.666435932,5.551285482,1.977344313,-56.07472426,-56.41742559,47.76888803,41.62049587,47.76888803,41.62049587,69.19575387,5162,3025,5162,3025,2779,1984,-59.18653272,-60.25701346,-59.186496,-60.25691973,-61.33633103,2.149798318,1.77095276,1.079317576,0.85213649,2.149835032,1.079411302,-66.88270096,-61.33633103,48.36321578,45.22039754,48.36313029,45.22064243,45.92281104,625317,369319,625310,369317,584112,1984,18.18975184,11.78922738,7.621650582,1.77095276,29.16862334,20.02852169,5.551285482,2.149798318,4.864608849,1.420986719,4.666435932,0.85213649,10.74828076,2.292617935,1.977344313,1.079317576,29.16862334,20.02934949,5.551285482,2.149835032,1984,7.576522682,6.594060756,5.239215895,4.153793656,1385,480920,2779,584112,1984,-58.70385527,-56.41742559,10677,-61.33633103,765599
1985,-16.85071192,-41.85782222,-16.85071192,-41.85782222,-54.59564145,37.74492953,19.3978073,12.73781924,6.669214617,37.74492953,12.73781924,-46.66164648,-54.59564145,0.985557962,0.918128396,0.985557962,0.918128396,0.983260009,7139,171,7139,171,1733,1985,-32.17299254,-51.33938302,-32.16783404,-51.33938302,-54.59564145,22.42264892,13.19886557,3.256258432,0.913404448,22.42780741,3.256258432,-51.53438424,-54.59564145,0.961771,0.793473966,0.961809442,0.793473966,0.954952603,698430,3218,697712,3218,572055,1985,-47.25369001,-51.53619711,-47.25369001,-51.53619711,-54.59564145,7.341951443,8.62296933,3.059444336,5.448252786,7.341951443,3.059444336,-53.57216368,-54.59564145,47.45393804,41.10244594,47.45393804,41.10244594,71.08472906,4939,2821,4939,2821,3045,1985,-57.06200667,-58.08874658,-57.06207261,-58.08873957,-59.16816451,2.106157846,1.982945028,1.079417933,0.993022828,2.106091912,1.079424948,-64.98232802,-59.16816451,48.57530169,45.56009091,48.57509033,45.56005172,46.86001557,634335,379708,634316,379706,611318,1985,19.3978073,13.19886557,8.62296933,1.982945028,37.74492953,22.42264892,7.341951443,2.106157846,6.669214617,0.913404448,5.448252786,0.993022828,12.73781924,3.256258432,3.059444336,1.079417933,37.74492953,22.42780741,7.341951443,2.106091912,1985,7.801839953,7.068774903,5.316023283,4.212772538,1733,572055,3045,611318,1985,-56.14465558,-54.59564145,12404,-59.16816451,784506
1986,-22.89382752,-36.10072607,-22.89421254,-36.10072607,-49.88331701,26.9894895,24.91998458,13.78259094,5.657589458,26.98910447,13.78259094,-40.1384561,-49.88331701,0.976239001,0.900411276,0.976237623,0.900411276,0.98357736,9982,243,9981,243,4517,1986,-29.31554556,-45.95939562,-29.32224618,-45.95476209,-49.88331701,20.56777145,14.82964464,3.923921393,1.440088365,20.56107083,3.928554925,-48.87444407,-49.88331701,0.966963655,0.799409756,0.966958692,0.799459833,0.959017118,911549,3983,910364,3982,635634,1986,-40.13653476,-47.03503502,-40.13653476,-47.03503502,-49.88331701,9.746782251,2.6999697,2.848281992,-1.057707443,9.746782251,2.848281992,-58.12988473,-49.88331701,55.54608523,43.17325409,55.54608523,43.17325409,47.7574026,7063,3365,7063,3365,5775,1986,-54.77444052,-55.94227924,-54.77447993,-55.94224486,-57.00379765,2.229357129,2.095315272,1.061518407,1.049887496,2.229317721,1.061552789,-63.1796666,-57.00379765,48.92378442,45.86417999,48.92372605,45.86441698,47.66131348,640289,387049,640271,387047,623429,1986,24.91998458,14.82964464,2.6999697,2.095315272,26.9894895,20.56777145,9.746782251,2.229357129,5.657589458,1.440088365,-1.057707443,1.049887496,13.78259094,3.923921393,2.848281992,1.061518407,26.98910447,20.56107083,9.746782251,2.229317721,1986,7.97950582,7.192517982,5.403794946,4.260143557,4517,635634,5775,623429,1986,-56.19505472,-49.88331701,13098,-57.00379765,791825
1987,-21.85650243,-35.91384294,-21.85355311,-35.91384294,-47.46653723,25.6100348,25.01434158,11.55269429,5.826631411,25.61298412,11.55269429,-39.13206045,-47.46653723,0.97196936,0.900106695,0.971963986,0.900106695,0.982157457,3356,187,3355,187,4959,1987,-27.78547159,-43.73609927,-27.77120462,-43.73013107,-47.46653723,19.68106564,16.40712692,3.730437965,2.123747509,19.6953326,3.73640616,-46.02013657,-47.46653723,0.956830023,0.799842952,0.956825785,0.799899456,0.960475774,618323,3890,617551,3888,702162,1987,-42.47018944,-46.85361878,-42.47018944,-46.85361878,-47.46653723,4.99634779,4.153762708,0.612918453,0.084986704,4.99634779,0.612918453,-55.27079766,-47.46653723,44.03205248,37.18949468,44.03205248,37.18949468,48.37626775,5335,3008,5335,3008,5916,1987,-52.81393961,-53.80091571,-52.81402192,-53.80077372,-54.84205327,2.028113648,2.108053674,1.041137559,1.081284584,2.028031344,1.041279541,-61.32138902,-54.84205327,48.63924195,45.91329657,48.6390149,45.91370705,48.01848024,649876,401126,649844,401122,646258,1987,25.01434158,16.40712692,4.153762708,2.108053674,25.6100348,19.68106564,4.99634779,2.028113648,5.826631411,2.123747509,0.084986704,1.081284584,11.55269429,3.730437965,0.612918453,1.041137559,25.61298412,19.6953326,4.99634779,2.028031344,1987,8.32614544,7.236895337,5.465756734,4.258383161,4959,702162,5916,646258,1987,-54.83183105,-47.46653723,13196,-54.84205327,821720
1988,-19.05683199,-30.80396184,-19.05087954,-30.80396184,-45.27304227,26.21621028,26.29297231,14.46908042,8.805639627,26.22216273,14.46908042,-35.85703247,-45.27304227,0.967064837,0.885110872,0.967122848,0.885110872,0.979968927,5639,225,5638,225,5837,1988,-25.25310569,-41.24406892,-25.24948135,-41.24406892,-45.27304227,20.01993657,18.45380347,4.028973342,2.377706922,20.02356091,4.028973342,-42.18387297,-45.27304227,0.951951386,0.80480222,0.951945423,0.80480222,0.962647489,551288,4075,550711,4075,750960,1988,-37.55826484,-43.3096193,-37.55826484,-43.3096193,-45.27304227,7.714777425,5.895222347,1.96342296,1.459796334,7.714777425,1.96342296,-51.62950128,-45.27304227,47.16269378,38.70559006,47.16269378,38.70559006,50.3642092,5999,3220,5999,3220,6348,1988,-49.89410853,-50.91538626,-49.89376003,-50.91532786,-51.94590346,2.051794935,2.18760135,1.030517203,1.081190696,2.052143433,1.030575601,-59.29246238,-51.94590346,48.76752292,45.9598524,48.76751735,45.96002275,48.39126624,658723,409763,658690,409758,660540,1988,26.29297231,18.45380347,5.895222347,2.18760135,26.21621028,20.01993657,7.714777425,2.051794935,8.805639627,2.377706922,1.459796334,1.081190696,14.46908042,4.028973342,1.96342296,1.030517203,26.22216273,20.02356091,7.714777425,2.052143433,1988,8.260287198,7.359095574,5.386598074,4.252856184,5837,750960,6348,660540,1988,-49.51395009,-45.27304227,15261,-51.94590346,842526
1989,-5.29499898,-28.91082179,-5.29499898,-28.91082179,-43.94531741,38.65031842,27.93896547,15.03449561,11.68439076,38.65031842,15.03449561,-32.75804369,-43.94531741,0.973791983,0.90463295,0.973791983,0.90463295,0.984193633,7932,259,7932,259,6097,1989,-19.6388822,-38.46692226,-19.63676976,-38.46692226,-43.94531741,24.30643521,19.49714831,5.478395147,3.383500481,24.30854764,5.478395147,-39.06756026,-43.94531741,0.9614195,0.811716734,0.961429608,0.811716734,0.962306676,718791,4042,718179,4042,768337,1989,-36.06220398,-40.76450452,-36.06220398,-40.76450452,-43.94531741,7.883113431,7.262570373,3.180812885,2.278367688,7.883113431,3.180812885,-48.23905956,-43.94531741,43.95384119,36.45494186,43.95384119,36.45494186,51.46598846,6196,3440,6196,3440,6586,1989,-47.33619104,-48.31774175,-47.33604864,-48.31777335,-49.33394278,1.997751736,2.186783179,1.016201024,1.156567025,1.997894134,1.016169426,-57.20674381,-49.33394278,49.09720439,46.35179821,49.09708829,46.35203234,48.65135983,641936,403234,641890,403230,660119,1989,27.93896547,19.49714831,7.262570373,2.186783179,38.65031842,24.30643521,7.883113431,1.997751736,11.68439076,3.383500481,2.278367688,1.156567025,15.03449561,5.478395147,3.180812885,1.016201024,38.65031842,24.30854764,7.883113431,1.997894134,1989,8.401113327,7.366245841,5.364095286,4.214782239,6097,768337,6586,660119,1989,-44.51020512,-43.94531741,18445,-49.33394278,847106
1990,-11.72836301,-25.14344978,-11.72114655,-25.03553932,-41.57325685,29.84489385,28.67406384,16.42980707,10.77161475,29.8521103,16.53771753,-29.71865455,-41.57325685,0.971858135,0.908484594,0.971888746,0.90897313,0.986241195,5677,264,5675,263,6271,1990,-19.8702321,-35.64735266,-19.86662544,-35.64735266,-41.57325685,21.70302475,20.43610736,5.925904195,3.697829881,21.70663142,5.925904195,-36.39831681,-41.57325685,0.961358763,0.818168815,0.961340767,0.818168815,0.963022642,722404,4058,720965,4058,801030,1990,-32.36098471,-37.74945433,-32.36098471,-37.74945433,-41.57325685,9.212272141,7.805133844,3.823802527,2.246481644,9.212272141,3.823802527,-45.26149498,-41.57325685,45.29067432,35.7517337,45.29067432,35.7517337,51.0365028,6970,3605,6970,3605,6794,1990,-44.81282999,-45.79588846,-44.81301648,-45.79585028,-46.83764089,2.024810906,2.193545917,1.041752434,1.145326154,2.024624412,1.041790605,-54.96731965,-46.83764089,49.33750354,46.50724762,49.33727546,46.50767067,48.68540906,643374,406685,643308,406679,676221,1990,28.67406384,20.43610736,7.805133844,2.193545917,29.84489385,21.70302475,9.212272141,2.024810906,10.77161475,3.697829881,2.246481644,1.145326154,16.42980707,5.925904195,3.823802527,1.041752434,29.8521103,21.70663142,9.212272141,2.024624412,1990,7.855125301,7.346945483,5.22696376,4.206733932,6271,801030,6794,676221,1990,-43.66478275,-41.57325685,23216,-46.83764089,872685
1991,-4.386857181,-20.99625042,-4.387815952,-20.99625042,-37.81772092,33.43086374,32.77943339,16.82147049,9.988947524,33.42990497,16.82147049,-23.53722954,-37.81772092,0.974094592,0.904404081,0.974091116,0.904404081,0.983743835,9153,277,9151,277,6533,1991,-13.63687276,-30.97204397,-13.63504182,-30.97204397,-37.81772092,24.18084816,21.99485057,6.84567695,4.018803413,24.1826791,6.84567695,-33.41081026,-37.81772092,0.964741271,0.823494073,0.964741048,0.823494073,0.963851937,800428,3955,799080,3955,809973,1991,-29.50813549,-34.2752669,-29.512541,-34.2752669,-37.81772092,8.309585427,8.042812006,3.542454017,2.982238301,8.305179915,3.542454017,-42.2840012,-37.81772092,40.44678788,32.54172662,40.43937924,32.54172662,49.21016166,8250,4170,8248,4170,6928,1991,-42.01293216,-42.97080167,-42.0132509,-42.97087271,-44.09756349,2.084631339,2.247673684,1.126761822,1.154048915,2.08431259,1.126690777,-52.46841227,-44.09756349,49.6930643,46.85398979,49.69213985,46.85386931,48.69986801,634413,403643,634301,403625,683386,1991,32.77943339,21.99485057,8.042812006,2.247673684,33.43086374,24.18084816,8.309585427,2.084631339,9.988947524,4.018803413,2.982238301,1.154048915,16.82147049,6.84567695,3.542454017,1.126761822,33.42990497,24.1826791,8.305179915,2.08431259,1991,7.473919017,7.331111985,4.989462357,4.173388305,6533,809973,6928,683386,1991,-41.75641761,-37.81772092,22766,-44.09756349,875017
1992,-6.959381823,-21.28394967,-6.954635147,-21.28394967,-34.99996363,28.04058181,32.93930755,13.71601396,12.73331388,28.04532849,13.71601396,-21.4251005,-34.99996363,0.960846796,0.886025392,0.960842478,0.886025392,0.979942666,6753,312,6752,312,7005,1992,-15.08544989,-28.4529308,-15.05318388,-28.45673387,-34.99996363,19.91451374,22.43880286,6.547032833,4.607295792,19.94677975,6.543229756,-30.88330415,-34.99996363,0.956204063,0.823079655,0.956172097,0.823114199,0.963179102,631466,4143,629338,4142,801200,1992,-24.90882147,-30.87170927,-24.90882147,-30.87170927,-34.99996363,10.09114216,8.539540024,4.128254361,2.999787281,10.09114216,4.128254361,-38.82108675,-34.99996363,43.91419378,33.14084152,43.91419378,33.14084152,48.28128872,8391,3969,8391,3969,7263,1992,-39.47460921,-40.43068345,-39.47459984,-40.43077364,-41.54955062,2.074941402,2.224359041,1.118867167,1.160503022,2.074950779,1.118776983,-49.93191664,-41.54955062,50.09561467,47.17793496,50.09479317,47.17814933,48.79460123,610900,388923,610698,388876,679970,1992,32.93930755,22.43880286,8.539540024,2.224359041,28.04058181,19.91451374,10.09114216,2.074941402,12.73331388,4.607295792,2.999787281,1.160503022,13.71601396,6.547032833,4.128254361,1.118867167,28.04532849,19.94677975,10.09114216,2.074950779,1992,7.766364204,7.237419955,4.686025567,4.129426739,7005,801200,7263,679970,1992,-36.08780896,-34.99996363,21594,-41.54955062,863585
1993,-3.686537433,-19.44514127,-3.693313238,-19.44514127,-33.3573954,29.67085797,28.76800914,13.91225414,14.56905264,29.66408217,13.91225414,-22.86176357,-33.3573954,0.955131327,0.887847852,0.9551673,0.887847852,0.976521881,4332,237,4327,237,6918,1993,-13.49850581,-27.93386302,-13.50864491,-27.93244831,-33.3573954,19.85888959,22.49534066,5.423532387,5.973535793,19.8487505,5.4249471,-28.12558328,-33.3573954,0.952216132,0.823942506,0.95211648,0.823956056,0.964591133,512195,3982,509262,3981,788609,1993,-26.17773507,-30.71239348,-26.17786571,-30.71239348,-33.3573954,7.179660337,8.33002174,2.645001918,3.444141431,7.179529691,2.645001918,-36.2158171,-33.3573954,38.29032801,32.60136392,38.28095559,32.60136392,45.31104816,5945,3226,5944,3226,7060,1993,-37.06898588,-37.84813262,-37.06919134,-37.84775851,-38.90485779,1.83587191,2.273198752,1.056725169,1.201969491,1.835666449,1.057099273,-47.28288729,-38.90485779,50.19279884,47.41288509,50.19035158,47.41394272,48.84905074,578629,370723,578188,370602,671941,1993,28.76800914,22.49534066,8.33002174,2.273198752,29.67085797,19.85888959,7.179660337,1.83587191,14.56905264,5.973535793,3.444141431,1.201969491,13.91225414,5.423532387,2.645001918,1.056725169,29.66408217,19.8487505,7.179529691,1.835666449,1993,7.674580037,7.189384245,4.506363176,4.097113885,6918,788609,7060,671941,1993,-32.05386081,-33.3573954,21387,-38.90485779,847107
1994,2.510954288,-14.37561701,2.53282548,-14.37218578,-31.23563115,33.74658544,29.36116474,16.86001414,14.61122826,33.76845663,16.86344537,-19.673424,-31.23563115,0.969756356,0.900718706,0.969722521,0.900721064,0.973378121,9326,306,9306,305,7477,1994,-9.311344616,-24.77146879,-9.335839547,-24.77146879,-31.23563115,21.92428653,22.42630839,6.46416236,6.527768316,21.8997916,6.46416236,-25.59014748,-31.23563115,0.969663921,0.827226843,0.969476054,0.827226843,0.963637427,913718,3884,902954,3884,779851,1994,-20.18616223,-25.5377351,-20.18988913,-25.5377351,-31.23563115,11.04946892,8.421601744,5.697896052,3.291011214,11.04574202,5.697896052,-33.29162122,-31.23563115,45.5674426,36.42897549,45.5492104,36.42897549,42.87860884,6272,3182,6269,3182,7447,1994,-34.59928735,-35.37797485,-34.59899103,-35.37691019,-36.34338823,1.744100875,2.270432453,0.965413379,1.238297096,1.744397197,0.966478033,-44.66483993,-36.34338823,50.88228787,48.10270287,50.87609537,48.10413696,49.29034566,562270,359211,561569,359056,661081,1994,29.36116474,22.42630839,8.421601744,2.270432453,33.74658544,21.92428653,11.04946892,1.744100875,14.61122826,6.527768316,3.291011214,1.238297096,16.86001414,6.46416236,5.697896052,0.965413379,33.76845663,21.8997916,11.04574202,1.744397197,1994,7.648676292,7.232860414,4.409775785,4.080280259,7477,779851,7447,661081,1994,-29.23044725,-31.23563115,21950,-36.34338823,835165
1995,3.120424906,-10.71628314,3.12570343,-10.71628314,-30.31743162,33.43785652,31.80000924,19.60114847,14.62323745,33.44313504,19.60114847,-14.80715677,-30.31743162,0.965094047,0.886166897,0.965012099,0.886166897,0.974721904,7742,347,7697,347,7594,1995,-5.673024134,-20.52533065,-5.745897113,-20.53137167,-30.31743162,24.64440748,22.25500637,9.792100964,6.0886272,24.5715345,9.786059939,-23.54436882,-30.31743162,0.97004454,0.837828893,0.969860996,0.837844531,0.962453177,837315,3699,826333,3698,752374,1995,-16.86977856,-22.73954702,-16.86544792,-22.73505164,-30.31743162,13.44765306,8.696267915,7.577884587,4.027419312,13.45198369,7.58237997,-30.40065654,-30.31743162,41.11943493,32.66735173,41.08440446,32.6439483,40.76356897,7008,3406,7002,3404,7554,1995,-32.50156952,-33.20163273,-32.50447367,-33.20060335,-34.01107308,1.509503558,2.207418538,0.809440347,1.210687749,1.506599408,0.810469732,-42.11622365,-34.01107308,51.38416679,48.65484729,51.37153187,48.6606128,49.45656591,550602,351062,549576,350850,637840,1995,31.80000924,22.25500637,8.696267915,2.207418538,33.43785652,24.64440748,13.44765306,1.509503558,14.62323745,6.0886272,4.027419312,1.210687749,19.60114847,9.792100964,7.577884587,0.809440347,33.44313504,24.5715345,13.45198369,1.506599408,1995,7.382460702,7.233703165,4.380727618,4.067073005,7594,752374,7554,637840,1995,-27.39417704,-30.31743162,24408,-34.01107308,806020
1996,0.742501834,-9.492570761,0.796522997,-9.421525886,-29.48051146,30.22301329,32.58459936,19.98794069,13.93554068,30.27703445,20.05898557,-11.14928186,-29.48051146,0.957363812,0.890615688,0.957398656,0.890945201,0.969983093,6032,276,6009,275,7804,1996,-4.502033088,-18.37152422,-4.424154892,-18.37301454,-29.48051146,24.97847836,21.94875347,11.10898722,5.841938932,25.05635656,11.10749692,-21.05862998,-29.48051146,0.971068876,0.838707039,0.970645866,0.83877293,0.962458688,826436,3512,804227,3505,703508,1996,-14.84574209,-19.87443069,-14.84543477,-19.87443069,-29.48051146,14.63476936,9.542585979,9.606080764,3.78063137,14.63507669,9.606080764,-27.19031982,-29.48051146,43.39408186,32.63182619,43.37813149,32.63182619,42.07862408,7232,3406,7225,3406,7733,1996,-29.9584722,-30.67505278,-29.95734375,-30.67395791,-31.51496875,1.556496552,2.109079549,0.839915972,1.202461007,1.557625006,0.841010837,-39.59655378,-31.51496875,52.00393544,49.25241363,51.97207595,49.26388261,50.1181065,541490,340877,539499,340534,588689,1996,32.58459936,21.94875347,9.542585979,2.109079549,30.22301329,24.97847836,14.63476936,1.556496552,13.93554068,5.841938932,3.78063137,1.202461007,19.98794069,11.10898722,9.606080764,0.839915972,30.27703445,25.05635656,14.63507669,1.557625006,1996,7.067116637,6.878413192,4.424665334,4.070234152,7804,703508,7733,588689,1996,-25.72581742,-29.48051146,33952,-31.51496875,745454
1997,0.061367145,-7.909607525,-0.02248596,-7.824468383,-27.3363587,27.39772585,32.66511639,19.42675118,18.13720145,27.31387274,19.51189032,-7.498869335,-27.3363587,0.960206746,0.887379942,0.959872863,0.887627955,0.970582968,8648,313,8432,312,7956,1997,-2.827674242,-15.4514046,-3.007003469,-15.45341419,-27.3363587,24.50868446,23.0642149,11.88495411,7.6393147,24.32935524,11.88294452,-17.5050199,-27.3363587,0.972020334,0.840884778,0.971210288,0.84088778,0.964952312,851054,3627,808752,3626,701169,1997,-12.01794686,-17.08117507,-12.00900956,-17.05204206,-27.3363587,15.31841184,10.77930836,10.25518364,6.029170644,15.32734915,10.28431665,-23.73461669,-27.3363587,46.37037037,33.40422205,46.22272175,33.34325242,41.43931449,8262,3837,8230,3831,7819,1997,-26.90625211,-27.65751147,-26.91441614,-27.65702458,-28.54784403,1.641591918,2.076595086,0.89033257,1.152764794,1.633427893,0.890819456,-37.14749604,-28.54784403,52.67178945,49.86042518,52.63056147,49.87159618,50.51248444,556533,345879,553383,345457,581444,1997,32.66511639,23.0642149,10.77930836,2.076595086,27.39772585,24.50868446,15.31841184,1.641591918,18.13720145,7.6393147,6.029170644,1.152764794,19.42675118,11.88495411,10.25518364,0.89033257,27.31387274,24.32935524,15.32734915,1.633427893,1997,6.739327079,6.774074455,4.341698065,4.087006665,7956,701169,7819,581444,1997,-18.60299274,-27.3363587,97051,-28.54784403,741224
1998,11.09998333,-3.657885458,10.97888815,-3.467786829,-25.13760336,36.23758669,31.83503774,21.4797179,18.40362938,36.11649151,21.66981653,-5.495360214,-25.13760336,0.963475372,0.879879272,0.963092354,0.879919108,0.966833829,8059,249,7851,248,7726,1998,2.58981343,-13.17246366,1.953739988,-13.17059494,-25.13760336,27.72741679,23.58576671,11.9651397,9.765516341,27.09134335,11.96700842,-14.61739692,-25.13760336,0.966110156,0.837394799,0.964212034,0.837563778,0.965849071,741010,3597,681932,3592,689547,1998,-9.840260626,-14.41032153,-9.922136017,-14.39919598,-25.13760336,15.29734273,12.2862426,10.72728182,7.124432564,15.21546735,10.73840737,-20.21994066,-25.13760336,42.04619076,32.55532787,41.74369049,32.46406571,42.21146245,6668,3416,6617,3409,7590,1998,-24.4308533,-25.03720711,-24.43679982,-25.03498242,-25.922704,1.491850701,1.90373909,0.885496892,1.05470268,1.485904184,0.887721584,-34.75445249,-25.922704,52.87334438,50.31157846,52.82747052,50.32959649,50.901111,550248,342360,545756,341821,560214,1998,31.83503774,23.58576671,12.2862426,1.90373909,36.23758669,27.72741679,15.29734273,1.491850701,18.40362938,9.765516341,7.124432564,1.05470268,21.4797179,11.9651397,10.72728182,0.885496892,36.11649151,27.09134335,15.21546735,1.485904184,1998,6.768213786,6.787856977,4.173958494,4.058414228,7726,689547,7590,560214,1998,-16.20018871,-25.13760336,177875,-25.922704,725459
1999,2.559796786,-5.571559376,1.905301332,-5.362109803,-23.32476454,25.88456133,31.20868413,17.75320517,17.75539352,25.23006588,17.96265474,-4.241738232,-23.32476454,0.974019702,0.900043975,0.972491153,0.900267584,0.96563163,6214,226,5527,224,7367,1999,-1.093424682,-11.23835883,-1.52242358,-11.26430408,-23.32476454,22.23133986,23.52499004,12.08640571,10.79082689,21.80234096,12.06046046,-12.56623176,-23.32476454,0.970891915,0.842405787,0.967108684,0.842679204,0.966355703,840096,3246,690741,3232,688613,1999,-9.094320634,-12.70146912,-9.063185449,-12.69821541,-23.32476454,14.23044391,13.47734633,10.62329542,8.256890902,14.2615791,10.62654913,-17.31377099,-23.32476454,43.67880014,34.13947454,43.36504689,33.94282914,42.08920123,5934,3083,5865,3061,7186,1999,-22.19396673,-22.73246512,-22.19216199,-22.73001664,-23.60213948,1.408172754,1.708163914,0.869674358,0.886844298,1.4099775,0.872122846,-32.24061521,-23.60213948,53.38098901,50.9027759,53.33512598,50.93303856,51.48527698,565473,348031,557277,347155,548427,1999,31.20868413,23.52499004,13.47734633,1.708163914,25.88456133,22.23133986,14.23044391,1.408172754,17.75539352,10.79082689,8.256890902,0.886844298,17.75320517,12.08640571,10.62329542,0.869674358,25.23006588,21.80234096,14.2615791,1.4099775,1999,6.93825091,6.899077649,4.112873671,4.030371889,7367,688613,7186,548427,1999,-15.35569074,-23.32476454,171031,-23.60213948,721430
2000,10.49120121,-0.208870713,10.61685364,-0.229990498,-21.11578194,31.60698314,34.24389829,20.90691123,18.15862946,31.73263558,20.88579144,1.638689566,-21.11578194,0.966407515,0.887559871,0.964696488,0.888591283,0.966819622,7519,291,6628,284,7028,2000,5.911683503,-7.717610392,4.786280111,-7.773947376,-21.11578194,27.02746544,23.51263429,13.39817155,11.35894416,25.90206205,13.34183457,-10.12008996,-21.11578194,0.974580351,0.846753988,0.969646566,0.84705648,0.966282732,1000721,3121,739901,3102,723090,2000,-4.632237197,-8.520809601,-4.589918535,-8.467941534,-21.11578194,16.48354474,14.62241746,12.59497234,9.655210225,16.5258634,12.6478404,-14.51762599,-21.11578194,43.93255546,32.04364975,43.35422415,31.79138985,42.84827079,7799,3803,7611,3763,6795,2000,-19.91352804,-20.38361448,-19.91582775,-20.37985958,-21.20155168,1.288023637,1.620186654,0.817937202,0.808948764,1.285723927,0.821692096,-29.65614408,-21.20155168,53.52969666,50.94817666,53.43307305,51.00845922,51.86663619,592592,363234,576681,361381,551184,2000,34.24389829,23.51263429,14.62241746,1.620186654,31.60698314,27.02746544,16.48354474,1.288023637,18.15862946,11.35894416,9.655210225,0.808948764,20.90691123,13.39817155,12.59497234,0.817937202,31.73263558,25.90206205,16.5258634,1.285723927,2000,6.637548759,6.79240508,4.112656818,4.015658696,7028,723090,6795,551184,2000,-12.91239602,-21.11578194,165477,-21.20155168,757295
2001,10.6401464,-0.430825185,10.95703383,-0.707679383,-18.99479488,29.63494129,33.98372942,18.56396969,18.17195172,29.95182871,18.2871155,2.536414477,-18.99479488,0.972761085,0.899304762,0.972926317,0.898754929,0.964440292,7366,259,6482,241,7105,2001,4.483846809,-6.77544804,3.131175797,-6.870753157,-18.99479488,23.47864169,23.78605488,12.21934685,11.87452547,22.12597068,12.12404173,-7.700230677,-18.99479488,0.975134665,0.849723511,0.967430006,0.850005996,0.966222695,1067469,3222,672134,3195,736277,2001,-3.651156813,-6.833502464,-3.554771523,-6.665170198,-18.99479488,15.34363807,13.88859949,12.16129242,9.137642906,15.44002336,12.32962469,-13.65546912,-18.99479488,47.72654632,35.68029412,46.69343403,35.17987346,43.66637618,6758,3400,6488,3319,6885,2001,-17.58460537,-18.01193082,-17.58118897,-18.0054406,-18.7748404,1.190235021,1.570771199,0.76290958,0.899563711,1.193651422,0.769399793,-27.09647455,-18.7748404,53.79136341,51.21057936,53.66829193,51.31577313,52.58874827,614293,374106,583700,370212,549853,2001,33.98372942,23.78605488,13.88859949,1.570771199,29.63494129,23.47864169,15.34363807,1.190235021,18.17195172,11.87452547,9.137642906,0.899563711,18.56396969,12.21934685,12.16129242,0.76290958,29.95182871,22.12597068,15.44002336,1.193651422,2001,6.730115444,6.675471302,4.227077782,3.999551151,7105,736277,6885,549853,2001,-11.7300321,-18.99479488,159100,-18.7748404,769854
2002,8.864985586,-2.301253033,10.62218749,-3.465148269,-17.21198174,26.07696732,30.76777568,14.9107287,19.71553849,27.83416922,13.74683347,0.426933193,-17.21198174,0.96920619,0.891696985,0.96599095,0.891201924,0.960747914,5973,218,3405,183,7044,2002,1.395990104,-6.662374029,-1.053641207,-6.80879488,-17.21198174,18.60797184,24.04418136,10.54960771,12.65947018,16.15834053,10.40318686,-5.747317474,-17.21198174,0.969994391,0.858616006,0.948591322,0.859012525,0.968698455,799110,3122,356069,3049,771439,2002,-5.068846753,-7.363208251,-4.763464341,-7.083254653,-17.21198174,12.14313498,14.83096635,9.848773484,10.577242,12.4485174,10.12872708,-10.67477772,-17.21198174,48.14033851,35.37206932,45.93647422,34.69258076,43.1320837,5672,2943,5179,2817,6882,2002,-15.40637561,-15.75434275,-15.40684549,-15.74806696,-16.52279029,1.11641467,1.537036239,0.768447538,0.883995882,1.115944799,0.774723325,-24.53003123,-16.52279029,53.76293783,51.22678799,53.56727609,51.41547918,52.90857048,643346,391780,583335,382320,567191,2002,30.76777568,24.04418136,14.83096635,1.537036239,26.07696732,18.60797184,12.14313498,1.11641467,19.71553849,12.65947018,10.577242,0.883995882,14.9107287,10.54960771,9.848773484,0.768447538,27.83416922,16.15834053,12.4485174,1.115944799,2002,6.797923369,6.656008927,4.177151517,3.96657369,7044,771439,6882,567191,2002,-8.633544661,-17.21198174,154783,-16.52279029,807550
2003,13.26082195,-0.146181428,9.159076705,-7.526273398,-15.77061642,29.03143838,27.78157545,15.62443499,18.06261075,24.92969313,8.244343025,-0.719809111,-15.77061642,0.979243298,0.892132445,0.937334883,0.876666413,0.958301107,7588,211,364,108,7088,2003,6.312997318,-6.156090008,-4.804793856,-6.38857233,-15.77061642,22.08361374,23.79110141,9.614526418,12.95123809,10.96582257,9.38204409,-4.293375144,-15.77061642,0.971413151,0.861553004,0.927518732,0.862967144,0.969850964,840516,3013,219115,2915,792141,2003,-2.559684918,-5.567740655,-2.735914986,-5.238227006,-15.77061642,13.21093151,14.85078013,10.20287577,11.23008832,13.03470144,10.53238942,-8.697861375,-15.77061642,53.501288,39.66240939,49.66798584,38.61841607,42.41196013,5823,2897,4801,2639,6923,2003,-13.49920202,-13.80792852,-13.51062823,-13.80587295,-14.56531116,1.066109143,1.416270203,0.757382647,0.850424454,1.054682929,0.759438213,-22.09130553,-14.56531116,54.16417599,51.67561276,53.84839664,51.97338437,53.19487682,651362,396486,541736,374667,577688,2003,27.78157545,23.79110141,14.85078013,1.416270203,29.03143838,22.08361374,13.21093151,1.066109143,18.06261075,12.95123809,11.23008832,0.850424454,15.62443499,9.614526418,10.20287577,0.757382647,24.92969313,10.96582257,13.03470144,1.054682929,2003,6.726769985,6.676401056,4.206258676,3.934279614,7088,792141,6923,577688,2003,-8.532795598,-15.77061642,148622,-14.56531116,826811
2004,28.30769869,2.696699844,-8.927002777,#N/A,-13.86470702,42.17240571,31.09386143,16.56140686,17.50347017,4.937704239,#N/A,4.52825519,-13.86470702,0.977445719,0.892374169,0.893529135,#N/A,0.965397054,7494,219,119,#N/A,7098,2004,11.22421595,-2.202342154,-0.14382042,-2.579226034,-13.86470702,25.08892297,23.62158678,11.66236486,11.61209229,13.7208866,11.28548099,-2.774042549,-13.86470702,0.970014082,0.860723072,0.927800071,0.861842848,0.970805503,737044,3000,199710,2881,835677,2004,5.017690751,-0.025687404,3.461743172,0.417807228,-13.86470702,18.88239777,14.58233221,13.83901961,11.07852411,17.32645019,14.28251424,-7.082778268,-13.86470702,64.30077093,44.074256,56.41917952,42.22906574,45.96948762,9080,3461,5704,2890,6948,2004,-11.26964415,-11.72987702,-11.46825004,-11.75570105,-12.53825102,1.268606873,1.378838633,0.808373999,0.866028486,1.070000982,0.782549978,-19.61815871,-12.53825102,54.3809029,51.85017411,53.82292739,52.30941958,53.35370048,691969,420428,489816,367320,606827,2004,31.09386143,23.62158678,14.58233221,1.378838633,42.17240571,25.08892297,18.88239777,1.268606873,17.50347017,11.61209229,11.07852411,0.866028486,16.56140686,11.66236486,13.83901961,0.808373999,4.937704239,13.7208866,17.32645019,1.070000982,2004,6.820028354,6.771880329,4.256764537,3.888529702,7098,835677,6948,606827,2004,-7.228331422,-13.86470702,147622,-12.53825102,870121
2005,24.39819147,3.824065818,#N/A,#N/A,-12.30549303,36.70368449,29.508582,16.12955884,18.3458634,#N/A,#N/A,4.424570519,-12.30549303,0.980160096,0.905884912,#N/A,#N/A,0.964864125,6610,209,#N/A,#N/A,6599,2005,6.808774365,-2.272598501,0.049891209,-2.54489547,-12.30549303,19.11426739,23.70909249,10.03289452,10.09314581,12.35538423,9.760597558,-1.197919006,-12.30549303,0.973987672,0.866728669,0.932747063,0.868861003,0.972700603,965486,2837,193979,2696,884858,2005,5.038109077,2.017776487,3.587602355,1.883361801,-12.30549303,17.3436021,13.94959208,14.32326951,10.22569778,15.89309538,14.18885482,-5.973391804,-12.30549303,71.50953107,49.8986095,55.85375375,45.52527161,47.13771903,10492,3452,3330,2117,6506,2005,-9.370666696,-9.836651827,-9.670413616,-9.847455,-10.65865589,1.287989194,1.309875856,0.822004065,0.821788723,0.988242273,0.811200889,-17.39396565,-10.65865589,55.47022204,53.10721838,54.2511077,53.37730866,53.81271141,734587,445474,385257,324106,636499,2005,29.508582,23.70909249,13.94959208,1.309875856,36.70368449,19.11426739,17.3436021,1.287989194,18.3458634,10.09314581,10.22569778,0.821788723,16.12955884,10.03289452,14.32326951,0.822004065,#N/A,12.35538423,15.89309538,0.988242273,2005,6.962027205,6.913530978,4.325974676,3.873172969,6599,884858,6506,636499,2005,-4.34512691,-12.30549303,147765,-10.65865589,918981
2006,17.53868409,4.432945973,#N/A,#N/A,-10.36322275,27.90190683,29.2761773,14.79616872,19.98538933,#N/A,#N/A,6.689426441,-10.36322275,0.978706854,0.90421596,#N/A,#N/A,0.967558414,5476,185,#N/A,#N/A,6947,2006,9.161230335,0.078859654,4.281671649,0.394627271,-10.36322275,19.52445309,24.32207972,10.44208241,10.8202528,14.64489441,10.75785002,1.425228687,-10.36322275,0.964011446,0.867971412,0.934510447,0.873070824,0.973931557,750996,3037,120040,2377,915643,2006,5.923378397,4.029695643,4.462431438,4.164773279,-10.36322275,16.28660115,13.54383912,14.39291839,10.07578466,14.82565419,14.52799603,-4.370752234,-10.36322275,74.83480301,56.43432798,59.16563468,53.07769066,48.93400496,12361,3921,1938,1403,6849,2006,-6.995768303,-7.441852199,-7.206467096,-7.279061302,-8.197859942,1.202091639,1.242160538,0.756007743,0.766112426,0.991392846,0.91879864,-15.19650281,-8.197859942,55.17305178,52.87818393,53.50164259,53.27934337,53.92826044,759345,462714,220079,213941,665853,2006,29.2761773,24.32207972,13.54383912,1.242160538,27.90190683,19.52445309,16.28660115,1.202091639,19.98538933,10.8202528,10.07578466,0.766112426,14.79616872,10.44208241,14.39291839,0.756007743,#N/A,14.64489441,14.82565419,0.991392846,2006,6.733134527,6.837644215,4.237465883,3.836313428,6947,915643,6849,665853,2006,-0.991318808,-10.36322275,147453,-8.197859942,951037
2007,14.19851994,8.678254021,#N/A,#N/A,-8.949856455,23.1483764,29.94230036,17.62811048,18.14013522,#N/A,#N/A,9.010133283,-8.949856455,0.974407455,0.908200791,#N/A,#N/A,0.970758907,4415,189,#N/A,#N/A,7100,2007,8.799536578,2.041818316,-5.64892348,-1.560665273,-8.949856455,17.74939303,24.20344401,10.99167477,11.3066455,3.300932975,7.389191182,3.50829017,-8.949856455,0.960107881,0.863492531,0.847180358,0.847542108,0.97464483,715125,2780,454,118,950584,2007,9.793632455,7.373763464,#N/A,#N/A,-8.949856455,18.74348891,14.25699233,16.32361992,10.88990699,#N/A,#N/A,-1.666718417,-8.949856455,75.34019761,61.59664352,#N/A,#N/A,53.44350687,9615,3456,#N/A,#N/A,6992,2007,-4.943997629,-5.292300123,-4.75540881,-4.804000146,-5.984690468,1.040692838,1.211192046,0.692390345,0.769724913,1.229281658,1.180690321,-13.03307883,-5.984690468,54.34279086,52.4429779,54.6597776,54.51212294,54.35970501,765563,478297,8903,8785,695203,2007,29.94230036,24.20344401,14.25699233,1.211192046,23.1483764,17.74939303,18.74348891,1.040692838,18.14013522,11.3066455,10.88990699,0.769724913,17.62811048,10.99167477,16.32361992,0.692390345,#N/A,3.300932975,#N/A,1.229281658,2007,6.928109437,6.696764552,4.104100981,3.78145187,7100,950584,6992,695203,2007,-1.637972448,-8.949856455,144848,-5.984690468,986102
2008,18.36014589,10.66383307,#N/A,#N/A,-7.604919782,25.96506568,30.42377877,18.26875286,15.3707658,#N/A,#N/A,10.74911008,-7.604919782,0.975324287,0.909299342,#N/A,#N/A,0.973249314,4560,257,#N/A,#N/A,8595,2008,11.9091525,5.039471177,#N/A,#N/A,-7.604919782,19.51407227,23.01458005,12.64439096,10.71194512,#N/A,#N/A,4.026572703,-7.604919782,0.960521424,0.850565083,#N/A,#N/A,0.975564775,607915,2724,#N/A,#N/A,1023203,2008,10.75057641,8.999175725,#N/A,#N/A,-7.604919782,18.35549619,15.24468946,16.60409551,11.40264728,#N/A,#N/A,1.503724847,-7.604919782,76.44991618,67.21148198,#N/A,#N/A,62.25881938,9544,3745,#N/A,#N/A,8504,2008,-3.602956041,-3.906658391,#N/A,#N/A,-4.543545101,0.940589059,1.197825763,0.63688671,0.766817816,#N/A,#N/A,-10.83337242,-4.543545101,53.20535908,51.55718959,#N/A,#N/A,54.66121864,770879,499785,#N/A,#N/A,742287,2008,30.42377877,23.01458005,15.24468946,1.197825763,25.96506568,19.51407227,18.35549619,0.940589059,15.3707658,10.71194512,11.40264728,0.766817816,18.26875286,12.64439096,16.60409551,0.63688671,#N/A,#N/A,#N/A,#N/A,2008,7.290068761,6.814306125,3.877541704,3.753569499,8595,1023203,8504,742287,2008,-1.800624257,-7.604919782,147717,-4.543545101,1059497
2009,15.47869652,12.54783017,#N/A,#N/A,-5.811683824,21.29038035,27.84621567,18.359514,17.75084057,#N/A,#N/A,10.71319246,-5.811683824,0.980081756,0.930308999,#N/A,#N/A,0.975613339,7924,291,#N/A,#N/A,10072,2009,12.43438338,6.638645997,#N/A,#N/A,-5.811683824,18.24606721,22.07924746,12.45032982,11.01003615,#N/A,#N/A,4.783351284,-5.811683824,0.958829627,0.84603287,#N/A,#N/A,0.975494289,598725,2778,#N/A,#N/A,1082205,2009,14.14213229,11.39519216,#N/A,#N/A,-5.811683824,19.95381611,15.8510457,17.20687599,12.97014438,#N/A,#N/A,3.841507448,-5.811683824,78.5539287,71.91945218,#N/A,#N/A,69.43316042,10996,4308,#N/A,#N/A,10024,2009,-2.019160787,-2.394276324,#N/A,#N/A,-3.013546181,0.994385395,1.181091745,0.619269858,0.799592327,#N/A,#N/A,-8.606481182,-3.013546181,51.83688854,50.30037251,#N/A,#N/A,54.92663257,741119,507107,#N/A,#N/A,786766,2009,27.84621567,22.07924746,15.8510457,1.181091745,21.29038035,18.24606721,19.95381611,0.994385395,17.75084057,11.01003615,12.97014438,0.799592327,18.359514,12.45032982,17.20687599,0.619269858,#N/A,#N/A,#N/A,#N/A,2009,6.887574148,6.879592047,3.853247483,3.716859513,10072,1082205,10024,786766,2009,2.892212736,-5.811683824,148103,-3.013546181,1118689
2010,24.78296589,18.36052192,#N/A,#N/A,-3.175266054,27.95823194,30.97134008,21.53578798,19.71742702,#N/A,#N/A,18.02943598,-3.175266054,0.956121542,0.891071176,#N/A,#N/A,0.979084752,18594,364,#N/A,#N/A,11989,2010,19.44948759,12.84056458,#N/A,#N/A,-3.175266054,22.62475364,22.31216944,16.01583064,11.46710383,#N/A,#N/A,7.6025888,-3.175266054,0.922678873,0.831712682,#N/A,#N/A,0.975297356,617012,2884,#N/A,#N/A,1131051,2010,18.02986159,14.48528157,#N/A,#N/A,-3.175266054,21.20512764,17.58872988,17.66054763,15.41432623,#N/A,#N/A,7.230180485,-3.175266054,79.26583642,75.0248023,#N/A,#N/A,76.63624206,14855,5564,#N/A,#N/A,11964,2010,0.578431743,0.004967058,#N/A,#N/A,-0.551268973,1.129700716,1.21548571,0.556236031,0.834637336,#N/A,#N/A,-6.504949885,-0.551268973,49.93205901,48.33983392,#N/A,#N/A,54.91198669,654097,477239,#N/A,#N/A,826784,2010,30.97134008,22.31216944,17.58872988,1.21548571,27.95823194,22.62475364,21.20512764,1.129700716,19.71742702,11.46710383,15.41432623,0.834637336,21.53578798,16.01583064,17.66054763,0.556236031,#N/A,#N/A,#N/A,#N/A,2010,5.357884244,6.349344019,3.859928405,3.663215852,11989,1131051,11964,826784,2010,8.507715713,-3.175266054,144282,-0.551268973,1165394
2011,32.91954278,27.20560045,#N/A,#N/A,-1.272799194,34.19234197,31.56908972,28.47839964,20.47380946,#N/A,#N/A,21.71614398,-1.272799194,0.796412572,0.788164226,#N/A,#N/A,0.981920197,12299,365,#N/A,#N/A,14408,2011,27.93218985,19.68462924,#N/A,#N/A,-1.272799194,29.20498905,21.87004923,20.95742843,12.62925594,#N/A,#N/A,9.606711212,-1.272799194,0.792197966,0.782442292,#N/A,#N/A,0.975471361,419033,2694,#N/A,#N/A,1178962,2011,21.87071717,18.53625985,#N/A,#N/A,-1.272799194,23.14351636,19.37857723,19.80905905,17.73570187,#N/A,#N/A,10.90392328,-1.272799194,79.40338245,77.15737632,#N/A,#N/A,79.56650691,11944,4467,#N/A,#N/A,14397,2011,2.568181114,1.876989724,#N/A,#N/A,1.374458648,1.193722466,1.207554683,0.502531077,0.842979,#N/A,#N/A,-4.58354944,1.374458648,48.19540734,46.61859764,#N/A,#N/A,54.2767442,487996,393136,#N/A,#N/A,864636,2011,31.56908972,21.87004923,19.37857723,1.207554683,34.19234197,29.20498905,23.14351636,1.193722466,20.47380946,12.62925594,17.73570187,0.842979,28.47839964,20.95742843,19.80905905,0.502531077,#N/A,#N/A,#N/A,#N/A,2011,4.517517647,5.906946272,3.689962597,3.608689451,14408,1178962,14397,864636,2011,11.71342941,-1.272799194,138963,1.374458648,1212527
2012,33.68609483,27.79772306,#N/A,#N/A,1.301040029,32.3850548,26.01075585,26.49668303,20.658685,#N/A,#N/A,20.07784418,1.301040029,0.77974034,0.778566778,#N/A,#N/A,0.970286873,11602,321,#N/A,#N/A,19919,2012,27.44664239,21.41000275,#N/A,#N/A,1.301040029,26.14560236,21.41754062,20.10896272,14.26840291,#N/A,#N/A,11.52809763,1.301040029,0.779721665,0.775007955,#N/A,#N/A,0.969429549,195443,2458,#N/A,#N/A,1376951,2012,22.39176517,20.01928668,#N/A,#N/A,1.301040029,21.09072514,20.1419222,18.71824665,17.90249405,#N/A,#N/A,14.27696463,1.301040029,78.11162611,76.48951555,#N/A,#N/A,79.72438926,10356,4149,#N/A,#N/A,19894,2012,4.232557037,3.540884718,#N/A,#N/A,3.03948507,1.193071967,1.168468392,0.501399648,0.74483261,#N/A,#N/A,-2.562379438,3.03948507,39.40335607,37.63821325,#N/A,#N/A,52.42700276,331102,309254,#N/A,#N/A,917610,2012,26.01075585,21.41754062,20.1419222,1.168468392,32.3850548,26.14560236,21.09072514,1.193071967,20.658685,14.26840291,17.90249405,0.74483261,26.49668303,20.10896272,18.71824665,0.501399648,#N/A,#N/A,#N/A,#N/A,2012,3.454664629,5.600449335,3.330518139,3.573999601,19919,1376951,19894,917610,2012,14.33925603,1.301040029,126069,3.03948507,1422601
2013,44.65982293,#N/A,#N/A,#N/A,7.667710974,36.99211196,32.56990996,#N/A,25.4693098,#N/A,#N/A,29.58256137,7.667710974,0.774307393,#N/A,#N/A,#N/A,0.884282854,1502,#N/A,#N/A,#N/A,16906,2013,38.38043019,30.2217034,#N/A,#N/A,7.667710974,30.71271922,23.69558209,22.55399243,18.82977973,#N/A,#N/A,15.98004307,7.667710974,0.774189876,0.76788219,#N/A,#N/A,0.938138682,4525,255,#N/A,#N/A,1199755,2013,31.06773118,28.10790063,#N/A,#N/A,7.667710974,23.4000202,21.60952923,20.44018966,18.21355551,#N/A,#N/A,18.33797237,7.667710974,75.29344262,74.05107252,#N/A,#N/A,79.56332681,2440,979,#N/A,#N/A,16857,2013,9.088458923,7.505357631,#N/A,#N/A,6.111443905,2.977015015,1.121428044,1.393913725,0.517754749,#N/A,#N/A,-0.593244286,6.111443905,30.98105275,27.93654898,#N/A,#N/A,50.34168567,36153,33648,#N/A,#N/A,830506,2013,32.56990996,23.69558209,21.60952923,1.121428044,36.99211196,30.71271922,23.4000202,2.977015015,25.4693098,18.82977973,18.21355551,0.517754749,#N/A,22.55399243,20.44018966,1.393913725,#N/A,#N/A,#N/A,#N/A,2013,2.844619518,5.40314402,3.015088835,3.543614753,16906,1199755,16857,830506,2013,22.28386677,7.667710974,62757,6.111443905,1244011
2014,#N/A,#N/A,#N/A,#N/A,10.34715649,#N/A,32.93185205,#N/A,26.07764887,#N/A,#N/A,32.92925054,10.34715649,#N/A,#N/A,#N/A,#N/A,0.801398131,#N/A,#N/A,#N/A,#N/A,17671,2014,#N/A,#N/A,#N/A,#N/A,10.34715649,#N/A,26.02913642,#N/A,20.2970892,#N/A,#N/A,20.6059506,10.34715649,#N/A,#N/A,#N/A,#N/A,0.897539066,#N/A,#N/A,#N/A,#N/A,1066790,2014,#N/A,#N/A,#N/A,#N/A,10.34715649,#N/A,21.67031087,#N/A,18.28199872,#N/A,#N/A,21.55879394,10.34715649,#N/A,#N/A,#N/A,#N/A,78.36365183,#N/A,#N/A,#N/A,#N/A,17635,2014,#N/A,#N/A,#N/A,#N/A,9.254170658,#N/A,1.058282394,#N/A,0.427954792,#N/A,#N/A,1.46388289,9.254170658,#N/A,#N/A,#N/A,#N/A,46.12729119,#N/A,#N/A,#N/A,#N/A,804604,2014,32.93185205,26.02913642,21.67031087,1.058282394,#N/A,#N/A,#N/A,#N/A,26.07764887,20.2970892,18.28199872,0.427954792,#N/A,#N/A,#N/A,#N/A,#N/A,#N/A,#N/A,#N/A,2014,2.612046303,5.209772823,2.763978749,3.42361921,17671,1066790,17635,804604,2014,25.93622308,10.34715649,62720,9.254170658,1103186
2015,#N/A,#N/A,#N/A,#N/A,15.85135088,#N/A,37.62340747,#N/A,#N/A,#N/A,#N/A,41.11093562,15.85135088,#N/A,#N/A,#N/A,#N/A,0.784352507,#N/A,#N/A,#N/A,#N/A,2047,2015,#N/A,#N/A,#N/A,#N/A,15.85135088,#N/A,28.07005813,#N/A,23.3709641,#N/A,#N/A,24.40709412,15.85135088,#N/A,#N/A,#N/A,#N/A,0.873069023,#N/A,#N/A,#N/A,#N/A,92625,2015,#N/A,#N/A,#N/A,#N/A,15.85135088,#N/A,23.32232022,#N/A,19.02275686,#N/A,#N/A,26.60750241,15.85135088,#N/A,#N/A,#N/A,#N/A,76.41621886,#N/A,#N/A,#N/A,#N/A,2047,2015,#N/A,#N/A,#N/A,#N/A,11.6990391,#N/A,1.869595607,#N/A,0.747867995,#N/A,#N/A,3.713452486,11.6990391,#N/A,#N/A,#N/A,#N/A,37.78543481,#N/A,#N/A,#N/A,#N/A,74630,2015,37.62340747,28.07005813,23.32232022,1.869595607,#N/A,#N/A,#N/A,#N/A,#N/A,23.3709641,19.02275686,0.747867995,#N/A,#N/A,#N/A,#N/A,#N/A,#N/A,#N/A,#N/A,2015,2.381610524,4.948636168,2.604014422,3.428547735,2047,92625,2047,74630,2015,#N/A,15.85135088,4223,11.6990391,94850
